,name
0,Layvin Kurzawa
1,Serge Aurier
2,Kevin Trapp
3,Benjamin Stambouli
4,Mapou Yanga-Mbiwa
5,Claudio Beauvue
6,Mathieu Valbuena
7,Lucas Tousart
8,Adama Traoré
9,Adama Traoré
10,Gabriel Boschilia
11,Allan Saint-Maximin
12,Corentin Jean
13,Thomas Lemar
14,Farès Bahlouli
15,Stephan El Shaarawy
16,Karim Rekik
17,Bouna Sarr
18,Rémy Cabella
19,Kévin Théophile-Catherine
20,Nolan Roux
21,Neal Maupay
22,Kévin Malcuit
23,Ryad Boudebouz
24,Mustapha Yatabaré
25,Baptiste Guillaume
26,Ibrahim Amadou
27,Mike Maignan
28,Yassine Benzia
29,Lenny Nangis
30,Yacouba Sylla
31,Mehdi Zeffane
32,Nicolas Benezet
33,Nill De Pauw
34,Mickaël Le Bihan
35,Jean Michaël Seri
36,Maxime Le Marchand
37,Jeff Louis
38,Andy Delort
39,Jonathan Delaplace
40,Chaker Alhadhur
41,Emiliano Sala
42,Adrien Thomasson
43,Jaba Kankava
44,Hamari Traoré
45,Zargo Touré
46,Moryké Fofana
47,Oussama Tannane
48,Rémi Walter
49,Pape Sané
50,Christian Kouakou
51,Guillaume Gillet
52,Jimmy Cabot
53,Joshua Kimmich
54,Kingsley Coman
55,Sven Ulreich
56,Julian Draxler
57,Max Kruse
58,Ismail Azzaoui
59,Thorgan Hazard
60,Nico Elvedi
61,Nico Schulz
62,Lars Stindl
63,Kevin Kampl
64,Admir Mehmedi
65,Jonathan Tah
66,Kyriakos Papadopoulos
67,Philipp Max
68,Konstantinos Stafylidis
69,Dominik Kohr
70,Johannes Geis
71,Alexander Nübel
72,Roman Bürki
73,Julian Weigl
74,Jonathan Schmid
75,Mark Uth
76,Luc Castaignos
77,Anthony Ujah
78,Aron Jóhannsson
79,Fabian Frei
80,Florian Niederlechner
81,Gaëtan Bussmann
82,Besar Halimi
83,Anthony Modeste
84,Leonardo Bittencourt
85,Dominique Heintz
86,Oliver Sorg
87,Felix Klaus
88,Jan Kliment
89,Philip Heise
90,Robbie Kruse
91,Niklas Stark
92,Albin Ekdal
93,Michael Gregoritsch
94,Aaron Hunt
95,Sven Schipplock
96,Andreas Hirzel
97,Elias Kachunga
98,Markus Suttner
99,Maurice Multhaup
100,Fabian Holland
101,Luca Caldirola
102,Jonas Hofmann
103,Jonas Hofmann
104,Martin Hinteregger
105,Jeffrey Gouweleeuw
106,Albian Ajeti
107,Alessandro Schöpf
108,Szabolcs Huszti
109,Yanni Regäsel
110,Sambou Yatabaré
111,Milos Veljkovic
112,László Kleinheisler
113,Gerhard Tremmel
114,Emil Berggreen
115,Giulio Donati
116,Iver Fossum
117,Marius Wolf
118,Ádám Szalai
119,Kevin Großkreutz
120,Federico Barba
121,Artem Kravets
122,Sinan Kurt
123,Darío Lezcano
124,Mehdi Carcela-González
125,Konstantinos Mitroglou
126,Moussa Marega
127,Marvin Zeegelaar
128,Davy Pröpper
129,Nicolas Isimat-Mirin
130,Luuk Koopmans
131,Nemanja Gudelj
132,Arkadiusz Milik
133,Amin Younes
134,Alireza Jahanbakhsh
135,Ben Rienstra
136,Vincent Janssen
137,Marko Vejinović
138,Simon Gustafson
139,Michiel Kramer
140,Milot Rashica
141,Ouasim Bouy
142,Mitchell te Vrede
143,Caner Cavlan
144,Jesper Drost
145,Bryan Linssen
146,Kasper Larsen
147,Etiënne Reijnen
148,Sébastien Haller
149,Timo Letschert
150,Sjoerd Overgoor
151,Robin Gosens
152,Stanley Elbers
153,Mihai Roman
154,Joey Sleegers
155,Youssef El Jebli
156,Stijn Wuytens
157,Arbër Zeneli
158,Bartholomew Ogbeche
159,Tarik Kada
160,Simone Zaza
161,Alberto Brignoli
162,Eric Lanini
163,Mario Lemina
164,Gregorio Luperini
165,Andrea Bertolacci
166,Antonio Rüdiger
167,Lucas Digne
168,Matteo Politano
169,William Vainqueur
170,Davide Astori
171,Luigi Sepe
172,Luca Bittante
173,Mirko Valdifiori
174,Elseid Hysaj
175,Raffaele Maiello
176,Jacopo Dezi
177,Nathaniel Chalobah
178,Luka Krajnc
179,Leonardo Pavoletti
180,Issa Cissokho
181,Michele Rocca
182,Geoffrey Kondogbia
183,Xherdan Shaqiri
184,Davide Santon
185,Andrea Belotti
186,Daniele Baselli
187,Davide Zappacosta
188,Afriyie Acquah
189,Alessio Romagnoli
190,Luca Antonelli
191,Juraj Kucka
192,Simone Verdi
193,Matteo Pessina
194,Oscar Hiljemark
195,Abdelhamid El Kaoutari
196,Edoardo Goldaniga
197,Aleksandar Trajkovski
198,Domenico Berardi
199,Lorenzo Pellegrini
200,Federico Viviani
201,Eros Pisano
202,Leandro Greco
203,Fabrizio Cacciatore
204,Marco Calderoni
205,Riccardo Saponara
206,Michele Camporese
207,Marko Livaja
208,Luca Valzania
209,Rafael Tolói
210,Marten de Roon
211,Boris Radunović
212,Gaetano Monachello
213,Mattia Destro
214,Luca Rossettini
215,Anthony Mounier
216,Godfred Donsah
217,Lorenzo Crisetig
218,Marco Crimi
219,Amadou Diawara
220,Emil Krafth
221,Emanuele Giaccherini
222,Rolando Mandragora
223,Ismail H'Maidat
224,Diego Perotti
225,Nicola Falasco
226,Yohan Benalouane
227,Alberto Grassi
228,Vasco Regini
229,Eddy Gnahoré
230,Riccardo Fiamozzi
231,Luca Rigoni
232,Ciro Immobile
233,Josip Posavec
234,Stefano Sensi
235,Luca Mazzitelli
236,Marcello Trotta
237,Remo Freuler
238,Andrea Petagna
239,Filippo Falco
240,Sergio Floccari
241,Stefano Sabelli
242,Oliver Kragl
243,Seydou Doumbia
244,Maksim Batov
245,Albert Sharipov
246,Ivelin Popov
247,Sergey Tkachev
248,Vyacheslav Krotov
249,Aleksandr Kokorin
250,Zaurbek Pliev
251,Giorgi Shelia
252,Fedor Kudryashov
253,Nika Kacharava
254,Bernard Berisha
255,Jonathan Mensah
256,Moses Odubajo
257,Shaun Maloney
258,Sam Clucas
259,Andre Gray
260,Jelle Vossen
261,Rouwen Hennings
262,Matthew Lowton
263,Tendayi Darikwa
264,Massimo Luongo
265,Tjaronn Chery
266,Sebastian Polter
267,Alex Smithies
268,James Perch
269,Ben Gladwin
270,Stewart Downing
271,David Nugent
272,Andreas Bjelland
273,Philipp Hofmann
274,Maxime Colin
275,Ryan Woods
276,Lasse Vibe
277,Josh McEachran
278,Yoann Barbet
279,Jonas Knudsen
280,Conor Coady
281,Nathan Byrne
282,Jed Wallace
283,Bradley Johnson
284,Jacob Butterfield
285,Jason Shackell
286,Andreas Weimann
287,Nicolai Brock-Madsen
288,Maikel Kieftenbeld
289,Patrick Bauer
290,El-Hadji Ba
291,Zakarya Bergdich
292,Rhoys Wiggins
293,Lewis McGugan
294,Chris Wood
295,Stuart Dallas
296,Kyle Dempsey
297,Tom Cairney
298,Tim Ream
299,Richard Stearman
300,Ryan Fredericks
301,Sakari Mattila
302,Uwe Hünemeier
303,Jamie Murphy
304,Tomer Hemed
305,Elvis Manu
306,Joe Ward
307,Joe Ward
308,Jonathan Kodjia
309,Stevie May
310,James Tarkowski
311,Conor Washington
312,Matt Ingram
313,Jordan Rhodes
314,Joe Mason
315,Mike Williamson
316,Aaron Collins
317,Nick Blackman
318,Marcus Olsson
319,Diego Fabbrini
320,Gary Hooper
321,Toumani Diagouraga
322,Zakaria Labyad
323,Yann Kermorgant
324,Deniss Rakels
325,Anthony Knockaert
326,Scott Golbourne
327,Ben Pearson
328,Abdul Rahman Baba
329,Michael Hector
330,Kevin De Bruyne
331,Fabian Delph
332,Patrick Roberts
333,Enes Ünal
334,Florian Lejeune
335,Anthony Martial
336,Morgan Schneiderlin
337,Memphis Depay
338,Matteo Darmian
339,Bastian Schweinsteiger
340,Toby Alderweireld
341,Kevin Wimmer
342,Kieran Trippier
343,Joe Gomez
344,Virgil van Dijk
345,Jordy Clasie
346,Steven Caulker
347,Franck Tabanou
348,Kristoffer Nordfeldt
349,Oliver McBurnie
350,Botti Biabi
351,Philipp Wollscheid
352,Jakob Haugaard
353,Yohan Cabaye
354,Connor Wickham
355,Alex McCarthy
356,Aaron Lennon
357,Mason Holgate
358,Dimitri Payet
359,Michail Antonio
360,Stephen Hendrie
361,James Chester
362,Jonny Evans
363,Rickie Lambert
364,James McClean
365,N'Golo Kanté
366,Robert Huth
367,Georginio Wijnaldum
368,Florian Thauvin
369,Ivan Toney
370,Jeremain Lens
371,Fabio Borini
372,Younès Kaboul
373,Santiago Vergini
374,Adam Matthews
375,Jordan Ayew
376,Jordan Amavi
377,Jordan Veretout
378,Rudy Gestede
379,Scott Sinclair
380,Joleon Lescott
381,Tyrone Mings
382,Glenn Murray
383,Lee Tomlin
384,Steven Berghuis
385,Valon Behrami
386,Robbie Brady
387,Graham Dorrans
388,Andre Wisdom
389,Matt Miazga
390,Charlie Austin
391,Alberto Paloschi
392,Shani Tarashaj
393,Sam Byram
394,Emmanuel Emenike
395,Daniel Amartey
396,Demarai Gray
397,Jonjo Shelvey
398,Andros Townsend
399,Henri Saivet
400,Wahbi Khazri
401,Lamine Koné
402,Dame N'Doye
403,Benik Afobe
404,Lewis Grabban
405,Abdoulaye Doucouré
406,Nordin Amrabat
407,Timm Klose
408,Matt Jarvis
409,James Maddison
410,Arda Turan
411,Bernard Mensah
412,Aymen Abdennour
413,Mathew Ryan
414,Gaël Kakuta
415,Adil Rami
416,Marco Andreolli
417,Cédric Bakambu
418,Daniel Wass
419,Adnane Tighadouini
420,Rene Krhin
421,Cristiano Piccini
422,Foued Kadir
423,Aras Özbiliz
424,Gonzalo Escalante
425,Grzegorz Krychowiak
426,Giovani Lo Celso
427,Thomas Meunier
428,Emanuel Mammana
429,Jean-Philippe Mateta
430,Djibril Sidibé
431,Benjamin Mendy
432,Kamil Glik
433,Youssef Aït Bennasser
434,Wylan Cyprien
435,Arnaud Lusamba
436,Arnaud Souquet
437,Paul Baysse
438,Bryan Dabo
439,Léo Lacroix
440,Ivan Santini
441,Ramy Bensebaini
442,Mathieu Michel
443,Jamel Saihi
444,Flavien Tait
445,Farid Boulaya
446,Jérémy Ménez
447,Paul Bernardoni
448,François Kamano
449,Igor Lewczuk
450,Saîf-Eddine Khaoui
451,Lucas Lima
452,Nicolaj Thomsen
453,Lindsay Rose
454,Steven Moreira
455,Faïz Selemani
456,Christopher Jullien
457,Ola Toivonen
458,Jessy Pi
459,Vincent Marchetti
460,Sergey Chernik
461,Ádám Lang
462,Arnold Bouka Moutou
463,Mehdi Abeid
464,Bassem Srarfi
465,Anwar El Ghazi
466,Younousse Sankharé
467,Keagan Dolly
468,Isaac Mbenza
469,Morgan Sanson
470,Grégory Sertic
471,Alhassan Wakaso
472,Fallou Diagne
473,Mats Hummels
474,André Schürrle
475,Mario Götze
476,Ousmane Dembélé
477,Sebastian Rode
478,Emre Mor
479,Kevin Volland
480,Julian Baumgartlinger
481,Jonas Meffert
482,Ramazan Özcan
483,Christoph Kramer
484,Jannik Vestergaard
485,Robert Leipertz
486,Jean-Philippe Gbamin
487,Gerrit Holtmann
488,Jonas Lössl
489,Christian Clemens
490,Ondrej Duda
491,Alexander Esswein
492,Yannick Gerhardt
493,Jeffrey Bruma
494,Josip Brekalo
495,Josuha Guilavogui
496,Marco Höger
497,Arianit Ferati
498,Christian Mathenia
499,Marcel Tisserand
500,Martin Hansen
501,Marvin Friedrich
502,Serge Gnabry
503,Florian Kainz
504,Robert Bauer
505,Niklas Moisander
506,Roman Bezjak
507,Immanuel Höhn
508,Michael Esser
509,Leon Guwara
510,Lukas Rupp
511,Kerem Demirbay
512,Kevin Vogt
513,Sandro Wagner
514,Benjamin Hübner
515,Gregor Kobel
516,Taleb Tawatha
517,Janik Haberer
518,Manuel Gulde
519,Onur Bulut
520,Aleksandar Ignjovski
521,Oliver Burke
522,Timo Werner
523,Marius Müller
524,Benno Schmitz
525,Alexander Isak
526,Timothée Kolodziejczak
527,Daniel Caligiuri
528,Guido Burgstaller
529,Robin Quaison
530,Riechedly Bazoer
531,Moritz Leitner
532,Thomas Delaney
533,Max Besuschkow
534,Vincent Sierro
535,Oscar Benítez
536,Bas Dost
537,Lukas Spalvis
538,Laurent Depoitre
539,Willy Boly
540,Tomás Martínez
541,Marcelo Hermes
542,Bart Ramselaar
543,Hidde Jurjus
544,Hakim Ziyech
545,Wout Weghorst
546,Iliass Bel Hassani
547,Robin van der Meer
548,David Jensen
549,Vincent Vermeij
550,Anass Achahbar
551,Ricky van Wolfswinkel
552,Stefan Mauk
553,Julian von Haacke
554,Sheraldo Becker
555,Stefan Thesker
556,Mateusz Klich
557,Jordy Croux
558,Jordan Larsson
559,Dejan Trajkovski
560,Mohamed El Makrini
561,Gyliano van Velzen
562,Etrit Berisha
563,Luca Rizzo
564,Ádám Nagy
565,Federico Di Francesco
566,Deian Boldor
567,Simone Padoin
568,Mattia Bani
569,Samuel Bastien
570,Antonio Floro Flores
571,Ante Budimir
572,Noë Dussenne
573,Federico Ceccherini
574,Leonardo Capezzi
575,Marcus Rohdén
576,Nicolò Fazzi
577,Marcel Büchel
578,Ianis Hagi
579,Davide Brivio
580,Davide Biraschi
581,Francesco Renzetti
582,Antonio Candreva
583,Gianluca Caprari
584,Rey Manaj
585,Marko Pjaca
586,Gianluca Lapadula
587,Lorenzo Tonelli
588,Marko Rog
589,Haitam Aleesami
590,Alessandro Gazzi
591,Ilija Nestorovski
592,Roland Sallai
593,Cristiano Biraghi
594,Valerio Verre
595,Vincenzo Fiorillo
596,Ahmad Benali
597,Stefano Pettinari
598,Antonio Mazzotta
599,Alessandro Crescenzi
600,Andrea Coda
601,Abdullahi Nura
602,Dennis Praet
603,Patrik Schick
604,Luca Cigarini
605,Karol Linetty
606,Fabio Quagliarella
607,Jacopo Sala
608,Emiliano Viviano
609,Antonio Palumbo
610,Gian Marco Ferrari
611,Pietro Iemmello
612,Alessandro Matri
613,Antonino Ragusa
614,Lorenzo De Silvestri
615,Panagiotis Tachtsidis
616,Samuel Gustafson
617,Stipe Perica
618,Seko Fofana
619,Hans Hateboer
620,Alessandro Santopadre
621,Gianluca Mancini
622,Miha Zajc
623,Omar El Kaddouri
624,Marco Sportiello
625,Leonardo Morosini
626,Andrea Beghetto
627,Raffaele Palladino
628,Simone Tascone
629,Roberto Gagliardini
630,Mattia Caldara
631,Riccardo Orsolini
632,Stefan Silva
633,Cesare Bovo
634,Kevin Lasagna
635,Stanislav Kritsyuk
636,Vyacheslav Zinkov
637,Igor Portnyagin
638,Sardar Azmoun
639,Miha Mevlja
640,Maxime Lestienne
641,Moritz Bauer
642,Rifat Zhemaletdinov
643,Roman Zobnin
644,Bekim Balaj
645,Odise Roshi
646,Ivan Oblyakov
647,Radovan Pankov
648,Ivan Novoseltsev
649,Denis Vambolt
650,Pavel Dolgov
651,Viktor Claesson
652,Timofey Margasov
653,Pavel Mogilevets
654,Aleksandr Selikhov
655,Aleksandr Samedov
656,Georgiy Dzhikiya
657,Andrey Lunev
658,Yohan Mollo
659,Ibragim Tsallagov
660,Matt Ritchie
661,Dwight Gayle
662,Grant Hanley
663,Matz Sels
664,Ciaran Clark
665,DeAndre Yedlin
666,Daryl Murphy
667,Isaac Hayden
668,Achraf Lazaar
669,Alex Pritchard
670,Ross McCormack
671,Aaron Tshibola
672,Pierluigi Gollini
673,Tommy Elphick
674,Ikechi Anya
675,Adam Reach
676,Almen Abdi
677,Adam Webster
678,Grant Ward
679,Lex Immers
680,Rico Henry
681,Che Adams
682,Ryan Shotton
683,Ben Pringle
684,Idrissa Sylla
685,Ariel Borysiuk
686,Jake Bidwell
687,Jordan Cousins
688,Joel Lynch
689,Kemar Roofe
690,Marcus Antonsson
691,Liam Bridcutt
692,Luke Ayling
693,Eunan O'Kane
694,Hadi Sacko
695,Romain Saïss
696,Prince Oniangué
697,Paul Gladon
698,Derrick Williams
699,Apostolos Vellios
700,Tyler Blackett
701,Liam Moore
702,Danzell Gravenberch
703,Taylor Moore
704,Callum O'Dowda
705,Christopher Schindler
706,Rajiv van La Parra
707,Neeskens Kebano
708,David Button
709,Floyd Ayité
710,Chris Martin
711,Kevin McDonald
712,Michael Madl
713,Denis Odoi
714,Jon Taylor
715,Will Vaulks
716,Shaun MacDonald
717,Kaiyne Woolery
718,Jackson Irvine
719,Tom Bradshaw
720,George Moncur
721,Cole Kpekawa
722,Yanic Wildschut
723,Scott Hogan
724,James Bree
725,Conor Hourihane
726,Henri Lansbury
727,Birkir Bjarnason
728,Jacob Bedeau
729,Kyle McAllister
730,Morgan Fox
731,Sam Winnall
732,Kieffer Moore
733,Florian Jozefzoon
734,Cheick Keita
735,Lukas Jutkiewicz
736,Craig Gardner
737,Sean Goss
738,Matt Smith
739,Ben Marshall
740,Zach Clough
741,Matty Taylor
742,Jens Hegeler
743,Collin Quaner
744,Ben Purrington
745,Omar Bogle
746,Alex Mowatt
747,Islam Slimani
748,Ahmed Musa
749,Nampalys Mendy
750,Bartosz Kapustka
751,Ron-Robert Zieler
752,Granit Xhaka
753,Shkodran Mustafi
754,Rob Holding
755,Moussa Sissoko
756,Victor Wanyama
757,John Stones
758,Leroy Sané
759,Oleksandr Zinchenko
760,Paul Pogba
761,Henrikh Mkhitaryan
762,Sofiane Boufal
763,Nathan Redmond
764,Manuel Lanzini
765,Arthur Masuaku
766,Edimilson Fernandes
767,Jonathan Calleri
768,Gökhan Töre
769,Sadio Mané
770,Loris Karius
771,Ragnar Klavan
772,Joe Allen
773,Ramadan Sobhi
774,Ryan Sweeney
775,Harry Souttar
776,Ashley Williams
777,Dominic Calvert-Lewin
778,Maarten Stekelenburg
779,Alfie Mawson
780,Mike van der Hoorn
781,Sven Kums
782,Daryl Janmaat
783,Christian Kabasele
784,Brice Dja Djédjé
785,Nacer Chadli
786,Matt Phillips
787,James Tomkins
788,Loïc Rémy
789,Jordon Ibe
790,Lewis Cook
791,Lys Mousset
792,Brad Smith
793,Jack Wilshere
794,Marc Wilson
795,Paddy McNair
796,Donald Love
797,Jeff Hendrick
798,Steven Defour
799,Nick Pope
800,Ryan Mason
801,David Marshall
802,Will Keane
803,James Weir
804,Cohen Bramall
805,Manolo Gabbiadini
806,Robert Snodgrass
807,Saido Berahino
808,Lee Grant
809,Ademola Lookman
810,Tom Carroll
811,Luciano Narsingh
812,Martin Olsson
813,Jake Livermore
814,Jeffrey Schlupp
815,Patrick van Aanholt
816,Mamadou Sakho
817,Aaron Ramsdale
818,Darron Gibson
819,Ashley Westwood
820,Patrick Bamford
821,Adlène Guédioura
822,Kamil Grosicki
823,Markus Henriksen
824,Andrea Ranocchia
825,Omar Elabdellaoui
826,Jasper Cillessen
827,Kévin Gameiro
828,Roberto Soriano
829,Nicola Sansone
830,Denis Cheryshev
831,Aïssa Mandi
832,Jonas Martin
833,Riza Durmisi
834,Wissam Ben Yedder
835,Giorgi Aburjania
836,Aleksandar Katai
837,Mamadou Koné
838,José Angulo
839,Omer Atzili
840,Florin Andone
841,Bakary Koné
842,Denys Boyko
843,Nereo Champagne
844,Sverrir Ingi Ingason
845,Andrew Hjulsager
846,Bongani Zungu
847,Enzo Crivelli
848,Thomas Touré
849,Lassana Coulibaly
850,Angelo Fulgini
851,Nicolas de Préville
852,Youssouf Sabaly
853,Alexandre Mendy
854,Alexander Djiku
855,Frédéric Guilbert
856,Stef Peeters
857,Jan Repas
858,Benjamin Jeannot
859,Wesley Saïd
860,Wesley Lautoa
861,Cédric Yambéré
862,Marcus Thuram
863,Nicolas Pépé
864,Naïm Sliti
865,Adam Jakubech
866,Ferland Mendy
867,Kenny Tete
868,Valère Germain
869,Steve Mandanda
870,Emmanuel Rivière
871,Youri Tielemans
872,Terence Kongolo
873,Adama Diakhaby
874,Soualiho Meïté
875,Benjamin Lecomte
876,Kalifa Coulibaly
877,Andrei Girotto
878,Nicolas Pallois
879,Jean-Victor Makengo
880,Racine Coly
881,Adrien Tamèze
882,Ismaïla Sarr
883,Benjamin Bourigeaud
884,Loïs Diony
885,Alexandros Katranis
886,Idriss Saadi
887,Bingourou Kamara
888,Timo Stavitski
889,Martin Terrier
890,Pietro Pellegri
891,Ihsan Sacko
892,Diafra Sakho
893,Rafik Guitane
894,Moataz Zemzemi
895,Corentin Tolisso
896,Niklas Süle
897,Jean-Kévin Augustin
898,Konrad Laimer
899,Andriy Yarmolenko
900,Maximilian Philipp
901,Ömer Toprak
902,Mahmoud Dahoud
903,Jadon Sancho
904,Jeremy Toljan
905,Justin Hoogma
906,Davie Selke
907,Valentino Lazaro
908,Pascal Stenzel
909,Robin Koch
910,Yoric Ravet
911,Marco Terrazzino
912,Philipp Lienhart
913,Ryan Kent
914,Ludwig Augustinsson
915,Jérôme Gondorf
916,Ishak Belfodil
917,Matthias Ginter
918,Vincenzo Grifo
919,Nabil Bentaleb
920,Yevgen Konoplyanka
921,Amine Harit
922,Bastian Oczipka
923,Jetro Willems
924,Simon Falette
925,Panagiotis Retsos
926,Sven Bender
927,Fabian Giefer
928,André Hahn
929,Julian Pollersbeck
930,Rick van Drongelen
931,Abdou Diallo
932,Kenan Kodro
933,John Anthony Brooks
934,Marvin Stefaniak
935,Paul Verhaegh
936,Kaylen Hinds
937,Felix Uduokhai
938,Chadrac Akolo
939,Anastasios Donis
940,Andreas Beck
941,Orel Mangala
942,Alexander Meyer
943,Ihlas Bebou
944,Julian Korb
945,Simon Terodde
946,Lucas Höler
947,Patrick Kammerbauer
948,Sebastian Langkamp
949,Cedric Teuchert
950,Renato Steffen
951,Erik Thommy
952,Jacob Bruun Larsen
953,Josip Elez
954,Mile Svilar
955,Martin Chrien
956,Stefan Ristovski
957,Ridgeciano Haps
958,Jeremiah St. Juste
959,Sam Larsson
960,Sofyan Amrabat
961,Jean-Paul Boëtius
962,Maximilian Wöber
963,Siem de Jong
964,Benjamin van Leer
965,Derrick Luckassen
966,Sander van de Streek
967,Cyriel Dessers
968,Anouar Kali
969,Mukhtar Ali
970,Remko Pasveer
971,Tom Boere
972,Jorn Brondeel
973,Lars Veldwijk
974,Lucas Woudenberg
975,Warner Hahn
976,Jinty Caenepeel
977,Karol Mets
978,Menno Koch
979,Perr Schuurs
980,Vyacheslav Karavaev
981,Oussama Idrissi
982,Timothy Castagne
983,Fabio Eguelfi
984,José Luis Palomino
985,Luca Vido
986,Andreaw Gravillon
987,Gianluca Di Chiara
988,Danilo Cataldi
989,Vid Belec
990,Gaetano Letizia
991,Massimo Coda
992,Andrea Costa
993,Vittorio Parigini
994,Bright Gyamfi
995,Ledian Memushaj
996,Filippo Romagna
997,Gregory van der Wiel
998,Luca Garritano
999,Martin Valjent
1000,Nenad Tomović
1001,Michele Rigione
1002,Gianluca Gaudino
1003,Giovanni Crociata
1004,Daniel Pavlovic
1005,Marco Benassi
1006,Valentin Eysseric
1007,Cyril Théréau
1008,Gaetano Castrovilli
1009,Petko Hristov
1010,Rafik Zekhnini
1011,Martin Graiciar
1012,Vincent Laurini
1013,Simone Lo Faso
1014,Petar Brlek
1015,Stephane Omeonga
1016,Bruno Zuculini
1017,Alessandro Bastoni
1018,Federico Bernardeschi
1019,Blaise Matuidi
1020,Mattia De Sciglio
1021,Dario Del Fabro
1022,Ferdinando Del Sole
1023,Benedikt Höwedes
1024,Francesco Orlando
1025,Leonardo Bonucci
1026,Andrea Conti
1027,Ricardo Rodríguez
1028,Antonio Donnarumma
1029,Adam Ounas
1030,Roberto Inglese
1031,Rick Karsdorp
1032,Cengiz Ünder
1033,Maxime Gonalons
1034,Aleksandar Kolarov
1035,Nicola Murru
1036,Dawid Kownacki
1037,Joachim Andersen
1038,Francesco Cassata
1039,Davide Frattesi
1040,Riccardo Marchizza
1041,Federico Ricci
1042,Filippo Costa
1043,Marco Borriello
1044,Sauli Väisänen
1045,Lorenzo Polvani
1046,Vanja Milinković-Savić
1047,Nicolas N'Koulou
1048,Giuseppe Pezzella
1049,Bram Nuytinck
1050,Mamadou Coulibaly
1051,Svante Ingelsson
1052,Molla Wagué
1053,Jens Stryger Larsen
1054,Federico Mattiello
1055,Jean-Claude Billong
1056,Fabrizio Caligara
1057,Daniele Ragatzu
1058,Charalampos Lykogiannis
1059,Jawad El Yamiq
1060,Lisandro López
1061,Leonardo Mancuso
1062,Andrea Cisco
1063,Mattia Vitale
1064,Francesco Zampano
1065,Kirill Panchenko
1066,Solomon Kvirkvelia
1067,Maciej Rybus
1068,Matija Boben
1069,Eldor Shomurodov
1070,Sebastián Driussi
1071,Daler Kuzyaev
1072,Andrey Panyukov
1073,Artem Dzyuba
1074,Konstantin Rausch
1075,Abdul-Aziz Tetteh
1076,Evgeniy Markov
1077,Oleg Shatov
1078,Igor Konovalov
1079,Sofiane Hanni
1080,Othman El Kabir
1081,Elmir Nabiullin
1082,Magomed Ozdoev
1083,Nouha Dicko
1084,Stephen Kingsley
1085,Britt Assombalonga
1086,Ashley Fletcher
1087,Jonathan Howson
1088,Darren Randolph
1089,Cyrus Christie
1090,Marvin Johnson
1091,James Vaughan
1092,Jason Steele
1093,Aiden McGeady
1094,Vito Mannone
1095,Modou Barrow
1096,Leandro Bacuna
1097,David Edwards
1098,Joost van Aken
1099,Aboubakar Kamara
1100,Ibrahima Cissé
1101,Ibrahima Cissé
1102,Pontus Jansson
1103,Ezgjan Alioski
1104,Jay-Roy Grot
1105,Caleb Ekuban
1106,Felix Wiedwald
1107,Marcel Franke
1108,Marco Stiepermann
1109,James Husband
1110,Tristan Abrahams
1111,Sean Raggett
1112,Tom Lawrence
1113,Tom Huddlestone
1114,Curtis Davies
1115,Ollie Watkins
1116,Henrik Dalsgaard
1117,Kamohelo Mokotjo
1118,Declan Rudd
1119,Danny Ward
1120,Danny Ward
1121,Glenn Whelan
1122,Cameron McGeehan
1123,Mamadou Thiam
1124,Brad Potts
1125,Ethan Pinnock
1126,Liam Lindsay
1127,Jason McCarthy
1128,Barry Douglas
1129,Emyr Huws
1130,Joe Garner
1131,Martyn Waghorn
1132,Nathan Baker
1133,Niclas Eliasson
1134,David Wheeler
1135,Paul Smyth
1136,Marc Roberts
1137,Harlee Dean
1138,Liam Boyce
1139,Jamie Allen
1140,Jamie Allen
1141,Jason Cummings
1142,Barrie McKay
1143,George Baldock
1144,Ched Evans
1145,John Lundstram
1146,Ben Heneghan
1147,Nathan Thomas
1148,George Saville
1149,Angus MacDonald
1150,Joey Pelupessy
1151,Adam Forshaw
1152,Tyler Roberts
1153,Aapo Halme
1154,Dennis Srbeny
1155,Kenny McLean
1156,Cameron Jerome
1157,Billy Bodin
1158,Gary Madine
1159,Christoph Knasmüllner
1160,Aaron Drinan
1161,Barry Cotter
1162,Liam Walsh
1163,Liam Walsh
1164,Joe Lolley
1165,Lee Evans
1166,Ryan Leonard
1167,Ricky Holmes
1168,Tiemoué Bakayoko
1169,Ethan Ampadu
1170,Kyle Walker
1171,Alex Oxlade-Chamberlain
1172,Andrew Robertson
1173,Alexandre Lacazette
1174,Michael Keane
1175,Jordan Pickford
1176,Davy Klaassen
1177,Wesley Hoedt
1178,Jan Bednarek
1179,Nathan Aké
1180,Kieran Gibbs
1181,Gareth Barry
1182,Ahmed Hegazy
1183,Joe Hart
1184,Harry Maguire
1185,Bruno Martins Indi
1186,Cian Harries
1187,Jack Cork
1188,Nahki Wells
1189,Jonathan Walters
1190,Phil Bardsley
1191,Tom Cleverley
1192,Will Hughes
1193,Jacob Murphy
1194,Pascal Groß
1195,Soufyan Ahannach
1196,Steve Mounié
1197,Aaron Mooy
1198,Scott Malone
1199,Abdelhamid Sabiri
1200,Olivier Giroud
1201,Ross Barkley
1202,Aymeric Laporte
1203,Jack Harrison
1204,Tony Gallacher
1205,Pierre-Emerick Aubameyang
1206,Konstantinos Mavropanos
1207,Cenk Tosun
1208,Theo Walcott
1209,Ali Gabr
1210,Jordan Hugill
1211,Fousseni Diabaté
1212,Pontus Dahlberg
1213,Jürgen Locadia
1214,Viktor Gyökeres
1215,Sébastien Corchia
1216,Adnan Januzaj
1217,Rodrigo Ely
1218,Esteban Rolón
1219,Cenk Gönen
1220,Stanislav Lobotka
1221,Dimitrios Siovas
1222,Cheick Doukouré
1223,Enis Bardhi
1224,Amath Ndiaye
1225,Francis Coquelin
1226,Armando Sadiku
1227,Saman Ghoddos
1228,Jeff Reine-Adélaïde
1229,Vincent Pajot
1230,Dorian Bertrand
1231,Yacine Bammou
1232,Fayçal Fajr
1233,Malik Tchokounté
1234,Nayef Aguerd
1235,Rúnar Alex Rúnarsson
1236,Sikou Niakaté
1237,Guessouma Fofana
1238,Moussa Dembélé
1239,Jason Denayer
1240,Kevin Strootman
1241,Aleksandr Golovin
1242,Benjamin Henrichs
1243,Willem Geubbels
1244,Antonio Barreca
1245,Jonathan Panzo
1246,Samuel Grandsir
1247,Gaëtan Laborde
1248,Florent Mollet
1249,Charles Traoré
1250,Myziane Maolida
1251,Christophe Hérelle
1252,Youcef Atal
1253,Denis Bouanga
1254,Loïck Landre
1255,Thilo Kehrer
1256,Ghislain Konan
1257,Thomas Foket
1258,Tristan Dingomé
1259,Clément Grenier
1260,Romain Del Castillo
1261,Franck Honorat
1262,Lebo Mothiba
1263,Ludovic Ajorque
1264,Ibrahima Sissoko
1265,Baptiste Reynet
1266,Mathieu Dossevi
1267,Aaron Leya Iseka
1268,John Bostock
1269,Yacine Adli
1270,Josh Maja
1271,Raoul Bellanova
1272,Sory Kaba
1273,Fodé Ballo-Touré
1274,Souleyman Doumbia
1275,Sebastian Rudy
1276,Suat Serdar
1277,Salif Sané
1278,Hamza Mendyl
1279,Steven Skrzybski
1280,Joshua Brenet
1281,Reiss Nelson
1282,Axel Witsel
1283,Mitchell Weiser
1284,Isaac Kiese Thelin
1285,Borna Sosa
1286,Daniel Didavi
1287,Roberto Massimo
1288,Alassane Plea
1289,Andreas Poulsen
1290,Michael Lang
1291,Keanan Bennetts
1292,Pascal Köpke
1293,Lukas Klünter
1294,Felix Beijmo
1295,Martin Harnik
1296,Stefanos Kapino
1297,Fredrik Jensen
1298,Florent Muslija
1299,Pierre Kunde Malong
1300,Moussa Niakhaté
1301,Abass Issah
1302,Mark Flekken
1303,Daniel Ginczek
1304,Jérôme Roussillon
1305,Pavao Pervan
1306,Marvin Ducksch
1307,Benito Raman
1308,Jean Zimmer
1309,Aymen Barkok
1310,Davor Lovren
1311,Virgil Misidjan
1312,Timothy Tillman
1313,Alphonso Davies
1314,Rabbi Matondo
1315,Amadou Haidara
1316,Tyler Adams
1317,Emile Smith Rowe
1318,Steven Zuber
1319,Almamy Touré
1320,Romano Schmid
1321,Reece Oxford
1322,Kevin Akpoguma
1323,Nicolai Müller
1324,Saidy Janko
1325,Abdoulay Diaby
1326,Renan Ribeiro
1327,Yusupha Njie
1328,Idrissa Doumbia
1329,Said Ahmed Said
1330,Lawrence Ofori
1331,Henri Weigelt
1332,Rody de Boer
1333,Daley Blind
1334,Jafar Arias
1335,Amadou Ciss
1336,Julian Chabot
1337,Deyovaisio Zeefuik
1338,Sherel Floranus
1339,Lennart Czyborra
1340,Mike van Duinen
1341,Vito van Crooij
1342,Clint Leemans
1343,Gustavo Hamer
1344,Zian Flemming
1345,Aziz Behich
1346,Joris van Overeem
1347,Nicolas Gavory
1348,Rasmus Thelander
1349,Atakan Akkaynak
1350,Lisandro Magallán
1351,Mats Knoester
1352,Davide Bettella
1353,Bryan Cristante
1354,Marco Tumminello
1355,Marco Carraro
1356,Arkadiusz Reca
1357,Marco Varnier
1358,Diego Falcinelli
1359,Mattias Svanberg
1360,Arturo Calabresi
1361,Caio Vinicius Pirana
1362,Alberto Cerri
1363,Simone Aresti
1364,Sergej Grubac
1365,Antonino La Gumina
1366,Lorenzo Lollo
1367,Joel Untersee
1368,Alban Lafont
1369,Kevin Mirallas
1370,Francesco Bardi
1371,Marco Capuano
1372,Nicola Citro
1373,Christian Kouamé
1374,Federico Valietti
1375,Andrea Favilli
1376,Marcos Curado
1377,Radja Nainggolan
1378,Yann Karamoh
1379,Federico Dimarco
1380,Mattia Perin
1381,Giangiacomo Magnani
1382,Francesco Acerbi
1383,Valon Berisha
1384,Mattia Sprocati
1385,Riccardo Gagliolo
1386,Justin Kluivert
1387,Robin Olsen
1388,Nicolò Zaniolo
1389,Antonio Mirante
1390,Omar Colley
1391,Alex Ferrari
1392,Jens Odgaard
1393,Jérémie Boga
1394,Enrico Brignola
1395,Mehdi Bourabia
1396,Marco Pinato
1397,Leonardo Sernicola
1398,Bartosz Salamon
1399,Armando Izzo
1400,Ignacio Pussetto
1401,William Troost-Ekong
1402,Nicholas Opoku
1403,Kiril Despodov
1404,Valter Birsa
1405,Stefano Sturaro
1406,András Schäfer
1407,Marco Sau
1408,Merih Demiral
1409,Ben Wilmot
1410,Georgi Kostadinov
1411,Artem Sokol
1412,Fedor Smolov
1413,Anton Salétros
1414,Aleksandr Zuev
1415,Ayaz Guliev
1416,Vyacheslav Podberezkin
1417,Samuel Gigot
1418,Aleksandr Tashaev
1419,Marco Aratore
1420,Jaka Bijol
1421,Lassana N'Diaye
1422,Kristoffer Olsson
1423,Maksim Karpov
1424,Baktiyar Zaynutdinov
1425,Nail Umyarov
1426,Maksim Glushenkov
1427,Bersant Celina
1428,Joel Asoro
1429,Declan John
1430,Oghenekaro Etebo
1431,Sam Johnstone
1432,Kyle Bartley
1433,Conor Townsend
1434,John McGinn
1435,Aden Flint
1436,Jack Marriott
1437,Harry Wilson
1438,Duane Holmes
1439,Jordan Storey
1440,Julian Jeanvier
1441,John Egan
1442,Jack Hunt
1443,Marley Watkins
1444,Kayden Jackson
1445,Ellis Harrison
1446,Gwion Edwards
1447,Emiliano Buendía
1448,Felix Passlack
1449,Michael Hefele
1450,Reece Burke
1451,Jordy de Wijs
1452,Kristian Pedersen
1453,Sam Baldock
1454,Marc McNulty
1455,Josh Magennis
1456,Josh Windass
1457,Cédric Kipré
1458,Adam Armstrong
1459,Sam Vokes
1460,Danny Batth
1461,Jayden Stockley
1462,Oliver Norwood
1463,Danny Fox
1464,Riyad Mahrez
1465,Philippe Sandler
1466,Daniel Arzani
1467,Bernd Leno
1468,Ben Gibson
1469,Rachid Ghezzal
1470,Federico Fernández
1471,Cheikhou Kouyaté
1472,David Brooks
1473,Issa Diop
1474,Adam Masina
1475,Ben Foster
1476,Ken Sema
1477,Domingos Quina
1478,Yves Bissouma
1479,Dan Burn
1480,Juninho Bacuna
1481,Angus Gunn
1482,Stuart Armstrong
1483,Leander Dendoncker
1484,Josh Murphy
1485,Greg Cunningham
1486,Joe Bryan
1487,Ante Palaversa
1488,Christian Pulisic
1489,Dominic Solanke
1490,Chris Mepham
1491,Alexis Mac Allister
1492,Jan Mlakar
1493,Youssef En-Nesyri
1494,Facundo García
1495,John Guidetti
1496,Patrick Twumasi
1497,Raphael Dwamena
1498,Mathias Jensen
1499,Thibaut Courtois
1500,Andriy Lunin
1501,Joris Gnagnon
1502,Mouctar Diakhaby
1503,Santiago Cáseres
1504,Serdar Gürler
1505,Vasyl Kravets
1506,Kevin-Prince Boateng
1507,Jean-Clair Todibo
1508,Facundo Ferreyra
1509,Stole Dimitrievski
1510,Alexis Blin
1511,Sada Thioub
1512,Mathias Pereira Lage
1513,Antonin Bobichon
1514,Laurent Koscielny
1515,Ibrahima Diallo
1516,Ibrahima Diallo
1517,Romain Perraud
1518,Irvin Cardona
1519,Mounir Chouiar
1520,Timothy Weah
1521,Benjamin André
1522,Saad Agouzoul
1523,Youssouf Koné
1524,Valentin Rongier
1525,Victorien Angban
1526,Fabien Centonze
1527,Boubacar Traoré
1528,Lamine Fomba
1529,Sidy Sarr
1530,Lucas Deaux
1531,Romain Philippoteaux
1532,Vlatko Stojanovski
1533,Arthur Zagre
1534,Ruben Aguilar
1535,Téji Savanier
1536,Jordan Ferri
1537,Ludovic Blas
1538,Marcus Coco
1539,Abou Ba
1540,Dennis Appiah
1541,Kasper Dolberg
1542,Alexis Claude-Maurice
1543,Björn Engels
1544,Dario Maresic
1545,Dereck Kutesa
1546,Edouard Mendy
1547,Metehan Güçlü
1548,Zaydou Youssouf
1549,Jean-Ricner Bellegarde
1550,Efthymios Koulouris
1551,Rémi Oudin
1552,Aurélien Scheidler
1553,Dylan Bronn
1554,Moussa Koné
1555,Aurélien Tchouaméni
1556,Youssouf Fofana
1557,Renaud Emond
1558,Kaj Sierhuis
1559,Mehdi Chahiri
1560,Benjamin Pavard
1561,Julian Brandt
1562,Christopher Nkunku
1563,Hannes Wolf
1564,Philipp Tschauner
1565,Moussa Diaby
1566,Nadiem Amiri
1567,Daley Sinkgraven
1568,Stefan Lainer
1569,Xaver Schlager
1570,Kevin Mbabu
1571,Djibril Sow
1572,Niclas Füllkrug
1573,Marco Friedl
1574,Robert Skov
1575,Sargis Adamyan
1576,Bernard Tekpetey
1577,Eduard Löwen
1578,Daishawn Redan
1579,Jonathan Meier
1580,Cyrill Akono
1581,Ruben Vargas
1582,Mads Pedersen
1583,Mads Pedersen
1584,Sebastiaan Bornauw
1585,Ellyes Skhiri
1586,Kingsley Ehizibue
1587,Marcus Ingvartsen
1588,Robert Andrich
1589,Suleiman Abdullahi
1590,Marius Bülter
1591,Erling Haaland
1592,Emre Can
1593,Stefan Ilsanker
1594,Renzo Saravia
1595,Valentin Rosier
1596,Dejan Kerkez
1597,Khalid Hachadi
1598,Lucas Fernandes
1599,Zakaria Naidji
1600,Lisandro Martínez
1601,Kik Pierie
1602,Kjell Scherpen
1603,Zakaria Aboukhlal
1604,Dani de Wit
1605,Marko Kolar
1606,George Johnston
1607,Ramon Pascal Lundqvist
1608,Chidera Ejuke
1609,Joey Veerman
1610,Xavier Mous
1611,Sam Kersten
1612,Kenneth Paal
1613,Timo Baumgartl
1614,Vangelis Pavlidis
1615,Runar Espejord
1616,Richard van der Venne
1617,Ruslan Malinovskyi
1618,Andreas Skov Olsen
1619,Stefano Denswil
1620,Jerdy Schouten
1621,Lassi Lappalainen
1622,Jesse Joronen
1623,Florian Ayé
1624,Luca Tremolada
1625,Bruno Martella
1626,Guglielmo Vicario
1627,Milan Badelj
1628,Peter Ankersen
1629,Samuel Di Carmine
1630,Amir Rrahmani
1631,Alberto Almici
1632,Luca Marrone
1633,Antonio Di Gaudio
1634,Nicolò Barella
1635,Lucien Agoume
1636,Matthijs de Ligt
1637,Luca Pellegrini
1638,Manuel Lazzari
1639,Denis Vavro
1640,Patryk Dziczek
1641,Sofian Kiyine
1642,Fabio Maistro
1643,Andreas Karo
1644,Biagio Meccariello
1645,Ismaël Bennacer
1646,Konstantinos Manolas
1647,Alex Meret
1648,Eljif Elmas
1649,Giovanni Di Lorenzo
1650,Orestis Karnezis
1651,Simone Colombi
1652,Leonardo Spinazzola
1653,Chris Smalling
1654,Jakub Jankto
1655,Fabio Depaoli
1656,Gonzalo Maroni
1657,Leonardo Benedetti
1658,Manuel Locatelli
1659,Francesco Caputo
1660,Mert Müldür
1661,Marco Sala
1662,Andrea Meroni
1663,Alessandro Murgia
1664,Mattia Valoti
1665,Lorenzo Dickmann
1666,Emanuel Vignato
1667,Patrick Cutrone
1668,Sebastian Eriksson
1669,Matteo Lovato
1670,Ashley Young
1671,Victor Moses
1672,Dejan Kulusevski
1673,Alexis Saelemaekers
1674,Diego Demme
1675,Gastón Brugman
1676,Aleksandr Vasyutin
1677,Egor Sorokin
1678,Younes Namli
1679,Ruslan Kambolov
1680,Igor Diveev
1681,Guus Til
1682,Reziuan Mirzov
1683,Alexandru Tudorie
1684,Filip Rogic
1685,Ivan Lapshov
1686,Konrad Michalak
1687,Egor Baburin
1688,Carl Starfelt
1689,Oleg Danchenko
1690,Nikita Chernov
1691,Vladimir Obukhov
1692,Ilya Shkurin
1693,Nikita Kotin
1694,Aleksandr Sobolev
1695,Maksim Rudakov
1696,Soltmurad Bakaev
1697,Nikolay Komlichenko
1698,Oston Urunov
1699,Isaac Vassell
1700,Gavin Whyte
1701,Marlon Pack
1702,Herbert Bockhorn
1703,Darnell Furlong
1704,Krystian Bielik
1705,Anfernee Dijksteel
1706,Marcus Browne
1707,Han-Noah Massengo
1708,Kasey Palmer
1709,Jay Dasilva
1710,Daniel Bentley
1711,Sammie Szmodics
1712,Carl Jenkinson
1713,Brice Samba
1714,Samba Sow
1715,Kristoffer Peterson
1716,Bryan Mbeumo
1717,Callum Elder
1718,George Honeyman
1719,Tom Bayliss
1720,Sam Gallagher
1721,Sam Gallagher
1722,Tommy Smith
1723,Tommy Smith
1724,Tommy Smith
1725,Jamal Lowe
1726,Antonee Robinson
1727,Tom Pearce
1728,Liam Kelly
1729,Liam Kelly
1730,Liam Kelly
1731,Connor Mahoney
1732,Simon Sluga
1733,Luke Thomas
1734,Luke Thomas
1735,Patrick Schmidt
1736,Patrick Schmidt
1737,Mallik Wilks
1738,Mads Juel Andersen
1739,Dejan Stojanovic
1740,Shandon Baptiste
1741,James Scott
1742,Peter Kioso
1743,Marcel Ritzmaier
1744,Michael Sollbauer
1745,Zack Steffen
1746,Sepp van den Berg
1747,Jack Clarke
1748,William Saliba
1749,Kieran Tierney
1750,Aaron Wan-Bissaka
1751,Daniel James
1752,Alex Iwobi
1753,James Justin
1754,Craig Dawson
1755,James McCarthy
1756,Philip Billing
1757,Lloyd Kelly
1758,Jack Stacey
1759,Bailey Peacock-Farrell
1760,Erik Pieters
1761,Moussa Djenepo
1762,Kevin Danso
1763,Leandro Trossard
1764,Matt Clarke
1765,Ralf Fährmann
1766,Daniel Adshead
1767,Callum Robinson
1768,Ben Osborn
1769,Matt Targett
1770,Marvelous Nakamba
1771,Tom Heaton
1772,Kortney Hause
1773,Steven Bergwijn
1774,Luke Matheson
1775,Jarrad Branthwaite
1776,Jarrod Bowen
1777,Danny Rose
1778,Danny Rose
1779,Josh Brownhill
1780,Tariq Lamptey
1781,Sam McCallum
1782,Sander Berge
1783,Antoine Griezmann
1784,Frenkie de Jong
1785,Eden Hazard
1786,Alphonse Areola
1787,Jack Harper
1788,Jules Koundé
1789,Luuk de Jong
1790,Modibo Sagnan
1791,Nabil Fekir
1792,Joseph Aidoo
1793,Yannis Salibur
1794,Guido Rodríguez
1795,Leonardo Koutris
1796,Alessandro Florenzi
1797,Jérémy Doku
1798,Daniele Rugani
1799,Sven Botman
1800,Isaac Lihadji
1801,Amine Gouiri
1802,Jordan Lotomba
1803,Hassane Kamara
1804,Lucas Da Cunha
1805,Fraser Hornby
1806,Thibault De Smet
1807,Cenk Özkacar
1808,Jonas Omlin
1809,Axel Disasi
1810,Anthony Musaba
1811,Enzo Ebosse
1812,Romain Faivre
1813,Kévin N'Doram
1814,Thierry Ambrose
1815,Warren Tchimbembé
1816,Yassine Benrahou
1817,Patrick Burner
1818,Birger Meling
1819,Armand Laurienté
1820,Quentin Boisgard
1821,Thomas Monconduit
1822,Krépin Diatta
1823,Pape Abou Cissé
1824,Jude Bellingham
1825,Lennart Grill
1826,Maxence Lacroix
1827,Florian Müller
1828,Ragnar Ache
1829,Ajdin Hrustic
1830,Alexander Schwolow
1831,Sebastian Andersson
1832,Robert Gumny
1833,Arne Maier
1834,Waldemar Anton
1835,Dominik Szoboszlai
1836,Georginio Rutter
1837,Petar Musa
1838,Ivan Zlobin
1839,Mehdi Taremi
1840,Zaidu Sanusi
1841,Malang Sarr
1842,Denis Will Poha
1843,Mohammed Kudus
1844,Sean Klaiber
1845,Jesper Karlsson
1846,Mark Diemers
1847,Emil Hansson
1848,George Cox
1849,Patrick Joosten
1850,Damil Dankerlui
1851,Henk Veerman
1852,Delano Burgzorg
1853,Ibrahim Sangaré
1854,Ibrahim Sangaré
1855,Vincent Müller
1856,Mario Engels
1857,Georgios Giakoumakis
1858,Mike Trésor Ndayishimiye
1859,Leeroy Owusu
1860,Robbin Ruiter
1861,Rami Kaib
1862,Aleksey Miranchuk
1863,Sam Lammers
1864,Daam Foulon
1865,Aaron Hickey
1866,Alessandro Tripaldelli
1867,Luis Rojas
1868,Jacopo Petriccione
1869,Sebastiano Luperto
1870,Lucas Martínez Quarta
1871,Andrea Pinamonti
1872,Kevin Rüegg
1873,Koray Günter
1874,Ebrima Colley
1875,Ivor Pandur
1876,Michele Vano
1877,Darian Males
1878,Federico Chiesa
1879,Weston McKennie
1880,Stefano Gori
1881,Vedat Muriqi
1882,Sandro Tonali
1883,Jens Petter Hauge
1884,Leonardo Candellone
1885,Maxime Busi
1886,Simon Sohm
1887,Marash Kumbulla
1888,Mikkel Damsgaard
1889,Kristoffer Askildsen
1890,Tommaso Augello
1891,Felice D'Amico
1892,Kaan Ayhan
1893,Ardian Ismajli
1894,Jeroen Zoet
1895,Daniele Verde
1896,Nahuel Estévez
1897,Mërgim Vojvoda
1898,Federico Bonazzoli
1899,Amer Gojak
1900,Kevin Bonifazi
1901,Viktor Kovalenko
1902,Youssef Maleh
1903,Nicolò Rovella
1904,Dennis Man
1905,Vasilios Zagaritis
1906,Bryan Reynolds
1907,Ernesto Torregrossa
1908,Dejan Lovren
1909,Jasurbek Jaloliddinov
1910,Aleksey Ionov
1911,Evgeniy Chernov
1912,Pontus Almqvist
1913,Armin Gigovic
1914,Nikola Moro
1915,Timur Zhamaletdinov
1916,Oliver Abildgaard
1917,Jorrit Hendrix
1918,Arsen Adamov
1919,Herbie Kane
1920,Dominik Frieser
1921,Jonathan Leko
1922,Thomas Kaminski
1923,Aynsley Pears
1924,Charlie Goode
1925,Vitaly Janelt
1926,Chuba Akpom
1927,Kieran Dowell
1928,Bali Mumba
1929,Harry Arter
1930,Loïc Mbe Soh
1931,Scott McKenna
1932,Fouad Bachirou
1933,Lyndon Dykes
1934,Callum Paterson
1935,Ryan Manning
1936,Jacob Brown
1937,Sam Cosgrove
1938,Morgan Whittaker
1939,Matty Cash
1940,Jakub Moder
1941,Jan Paul van Hecke
1942,Joël Veltman
1943,Dale Stephens
1944,Kai Havertz
1945,Ben Chilwell
1946,Eberechi Eze
1947,Jack Butland
1948,Ben Godfrey
1949,Harrison Reed
1950,Illan Meslier
1951,Joe Gelhardt
1952,Wesley Fofana
1953,Konstantinos Tsimikas
1954,Issa Kaboré
1955,Donny van de Beek
1956,Callum Wilson
1957,Callum Wilson
1958,Jamal Lewis
1959,Rhian Brewster
1960,Max Lowe
1961,Jayden Bogle
1962,Kyle Walker-Peters
1963,Matt Doherty
1964,Joe Rodon
1965,Grady Diangana
1966,Ki-Jana Hoever
1967,Martin Ødegaard
1968,Ben Davies
1969,Ben Davies
1970,Ben Davies
1971,Mbaye Diagne
1972,Jesse Lingard
1973,Dimitri Foulquier
1974,Filip Malbašić
1975,Jeremías Ledesma
1976,Gabriel Gudmundsson
1977,Myron Boadu
1978,Ismail Jakobs
1979,Loïc Badé
1980,Lovro Majer
1981,Calvin Stengs
1982,Melvin Bard
1983,Azor Matusiwa
1984,Mitchell van Bergen
1985,Gerzino Nyamsi
1986,Karol Fila
1987,Marco Bizot
1988,Lilian Brassier
1989,Renaud Ripart
1990,Giulian Biancone
1991,Marcel Sabitzer
1992,Mohamed Simakan
1993,Donyell Malen
1994,Aster Vranckx
1995,Lukas Nmecha
1996,Jens Grahl
1997,Odilon Kossounou
1998,Amine Adli
1999,Mitchel Bakker
2000,Tymoteusz Puchacz
2001,Leon Dajaku
2002,Kevin Möhwald
2003,Julius Kade
2004,Luca Netz
2005,Chris Führich
2006,Enzo Millot
2007,Maximilian Eggestein
2008,Anton Stach
2009,Daniel Klein
2010,Marco Richter
2011,Jurgen Ekkelenkamp
2012,Robin Hack
2013,Florian Krüger
2014,Bryan Lasme
2015,Patrick Wimmer
2016,Jeremy Dudziak
2017,Nick Viergever
2018,Sebastian Griesbeck
2019,Roman Yaremchuk
2020,Aslak Fonn Witry
2021,Marcus Holmgren Pedersen
2022,Gernot Trauner
2023,Fredrik Aursnes
2024,Paulos Abraham
2025,Laros Duarte
2026,Daleho Irandust
2027,Yahya Kalley
2028,Cyril Ngonge
2029,Milan van Ewijk
2030,Robin Polley
2031,Sven Sonnenberg
2032,Joël Drommel
2033,Zinho Vanheusden
2034,Fikayo Tomori
2035,Junior Messias
2036,Teun Koopmeiners
2037,Hamed Junior Traorè
2038,Martin Hongla
2039,Abdoulaye Touré
2040,Alberto Paleari
2041,Alessandro Vogliacco
2042,Musa Barrow
2043,Arthur Theate
2044,Marco Silvestri
2045,Brandon Soppy
2046,Janis Antiste
2047,Aimar Sher
2048,Gabriele Zappa
2049,David Zima
2050,Magnus Warming
2051,Liam Henderson
2052,Reda Boultam
2053,Gianluca Busio
2054,Thomas Henry
2055,Tanner Tessmann
2056,David Schnegg
2057,Maximiliano Caufriez
2058,Gyrano Kerk
2059,Alexis Beka Beka
2060,Tin Jedvaj
2061,Montassar Talbi
2062,Sergey Terekhov
2063,Kemal Ademi
2064,Ali Sowe
2065,Artem Timofeev
2066,Axel Björnström
2067,Glenn Bijl
2068,Jordan Lawrence-Gabriel
2069,Uche Ikpeazu
2070,Andre Dozzell
2071,Sam Surridge
2072,Ben White
2073,Yoane Wissa
2074,Enock Mwepu
2075,Connor Roberts
2076,Connor Roberts
2077,Marc Guehi
2078,Michael Olise
2079,Kristoffer Klaesson
2080,Patson Daka
2081,Boubakary Soumaré
2082,Ibrahima Konaté
2083,Jack Grealish
2084,Raphaël Varane
2085,Christos Tzolis
2086,Ozan Tufan
2087,Rayan Aït Nouri
2088,Yerson Mosquera
2089,Yusuf Demir
2090,Eduardo Camavinga
2091,Boulaye Dia
2092,Randy Nteka
2093,Pathé Ciss
