,0,1
0,End of loan-,7
1,"End of loanApr 1, 1993",4
2,"End of loanApr 1, 1996",4
3,"End of loanApr 1, 1997",10
4,"End of loanApr 1, 1998",5
5,"End of loanApr 1, 1999",10
6,"End of loanApr 1, 2000",1
7,"End of loanApr 1, 2002",29
8,"End of loanApr 1, 2003",8
9,"End of loanApr 1, 2004",7
10,"End of loanApr 1, 2005",5
11,"End of loanApr 1, 2006",21
12,"End of loanApr 1, 2007",46
13,"End of loanApr 1, 2008",21
14,"End of loanApr 1, 2009",4
15,"End of loanApr 1, 2010",6
16,"End of loanApr 1, 2011",17
17,"End of loanApr 1, 2012",28
18,"End of loanApr 1, 2013",2
19,"End of loanApr 1, 2014",1
20,"End of loanApr 1, 2015",1
21,"End of loanApr 10, 2006",1
22,"End of loanApr 10, 2007",7
23,"End of loanApr 10, 2008",1
24,"End of loanApr 10, 2012",3
25,"End of loanApr 10, 2015",2
26,"End of loanApr 10, 2017",1
27,"End of loanApr 10, 2018",1
28,"End of loanApr 10, 2020",1
29,"End of loanApr 11, 2007",1
30,"End of loanApr 11, 2011",3
31,"End of loanApr 11, 2012",3
32,"End of loanApr 11, 2013",3
33,"End of loanApr 11, 2015",1
34,"End of loanApr 11, 2018",2
35,"End of loanApr 12, 2001",2
36,"End of loanApr 12, 2010",2
37,"End of loanApr 12, 2014",6
38,"End of loanApr 12, 2015",1
39,"End of loanApr 12, 2017",1
40,"End of loanApr 12, 2018",1
41,"End of loanApr 13, 2012",1
42,"End of loanApr 13, 2013",1
43,"End of loanApr 13, 2014",1
44,"End of loanApr 14, 1999",2
45,"End of loanApr 14, 2011",1
46,"End of loanApr 14, 2012",1
47,"End of loanApr 14, 2016",3
48,"End of loanApr 14, 2017",1
49,"End of loanApr 15, 2001",1
50,"End of loanApr 15, 2009",1
51,"End of loanApr 15, 2013",4
52,"End of loanApr 15, 2018",1
53,"End of loanApr 15, 2019",1
54,"End of loanApr 16, 2007",1
55,"End of loanApr 16, 2008",1
56,"End of loanApr 16, 2013",1
57,"End of loanApr 16, 2014",1
58,"End of loanApr 17, 2007",2
59,"End of loanApr 17, 2014",3
60,"End of loanApr 17, 2015",3
61,"End of loanApr 18, 1999",2
62,"End of loanApr 18, 2005",1
63,"End of loanApr 18, 2011",1
64,"End of loanApr 18, 2012",2
65,"End of loanApr 18, 2013",3
66,"End of loanApr 18, 2014",1
67,"End of loanApr 18, 2015",2
68,"End of loanApr 18, 2016",2
69,"End of loanApr 19, 1997",3
70,"End of loanApr 19, 1999",1
71,"End of loanApr 19, 2007",1
72,"End of loanApr 19, 2010",2
73,"End of loanApr 19, 2011",1
74,"End of loanApr 19, 2012",3
75,"End of loanApr 19, 2015",2
76,"End of loanApr 19, 2016",1
77,"End of loanApr 19, 2019",1
78,"End of loanApr 2, 2010",1
79,"End of loanApr 2, 2013",1
80,"End of loanApr 2, 2014",1
81,"End of loanApr 2, 2015",3
82,"End of loanApr 2, 2019",1
83,"End of loanApr 20, 2002",1
84,"End of loanApr 20, 2008",1
85,"End of loanApr 20, 2009",1
86,"End of loanApr 20, 2015",3
87,"End of loanApr 20, 2019",1
88,"End of loanApr 21, 2002",11
89,"End of loanApr 21, 2012",1
90,"End of loanApr 21, 2013",2
91,"End of loanApr 21, 2014",3
92,"End of loanApr 21, 2015",3
93,"End of loanApr 21, 2016",4
94,"End of loanApr 22, 1999",1
95,"End of loanApr 22, 2002",1
96,"End of loanApr 22, 2003",1
97,"End of loanApr 22, 2007",1
98,"End of loanApr 22, 2011",4
99,"End of loanApr 22, 2012",1
100,"End of loanApr 22, 2014",1
101,"End of loanApr 22, 2015",2
102,"End of loanApr 22, 2016",1
103,"End of loanApr 22, 2020",4
104,"End of loanApr 23, 2004",2
105,"End of loanApr 23, 2006",2
106,"End of loanApr 23, 2008",2
107,"End of loanApr 23, 2010",4
108,"End of loanApr 23, 2013",2
109,"End of loanApr 23, 2016",1
110,"End of loanApr 23, 2018",1
111,"End of loanApr 24, 2002",1
112,"End of loanApr 24, 2005",2
113,"End of loanApr 24, 2011",1
114,"End of loanApr 24, 2013",5
115,"End of loanApr 24, 2014",2
116,"End of loanApr 24, 2015",3
117,"End of loanApr 25, 2004",1
118,"End of loanApr 25, 2010",1
119,"End of loanApr 25, 2016",1
120,"End of loanApr 25, 2018",1
121,"End of loanApr 25, 2020",2
122,"End of loanApr 26, 1994",2
123,"End of loanApr 26, 1997",1
124,"End of loanApr 26, 1998",3
125,"End of loanApr 26, 1999",2
126,"End of loanApr 26, 2011",1
127,"End of loanApr 26, 2012",1
128,"End of loanApr 26, 2014",5
129,"End of loanApr 26, 2015",4
130,"End of loanApr 27, 1998",1
131,"End of loanApr 27, 2002",2
132,"End of loanApr 27, 2005",1
133,"End of loanApr 27, 2008",5
134,"End of loanApr 27, 2009",1
135,"End of loanApr 27, 2013",6
136,"End of loanApr 27, 2014",1
137,"End of loanApr 27, 2018",1
138,"End of loanApr 28, 1995",1
139,"End of loanApr 28, 2000",1
140,"End of loanApr 28, 2002",2
141,"End of loanApr 28, 2006",2
142,"End of loanApr 28, 2008",1
143,"End of loanApr 28, 2012",2
144,"End of loanApr 28, 2013",18
145,"End of loanApr 28, 2014",3
146,"End of loanApr 28, 2015",5
147,"End of loanApr 28, 2016",4
148,"End of loanApr 29, 2007",4
149,"End of loanApr 29, 2008",2
150,"End of loanApr 29, 2012",19
151,"End of loanApr 29, 2013",6
152,"End of loanApr 29, 2015",1
153,"End of loanApr 29, 2016",1
154,"End of loanApr 3, 2009",2
155,"End of loanApr 3, 2013",1
156,"End of loanApr 3, 2014",2
157,"End of loanApr 3, 2015",1
158,"End of loanApr 3, 2016",2
159,"End of loanApr 3, 2019",1
160,"End of loanApr 30, 1994",1
161,"End of loanApr 30, 2000",1
162,"End of loanApr 30, 2006",1
163,"End of loanApr 30, 2008",1
164,"End of loanApr 30, 2010",3
165,"End of loanApr 30, 2011",3
166,"End of loanApr 30, 2012",2
167,"End of loanApr 30, 2013",2
168,"End of loanApr 30, 2014",2
169,"End of loanApr 30, 2015",3
170,"End of loanApr 30, 2016",1
171,"End of loanApr 30, 2017",1
172,"End of loanApr 30, 2018",1
173,"End of loanApr 30, 2020",1
174,"End of loanApr 4, 2005",2
175,"End of loanApr 4, 2008",2
176,"End of loanApr 4, 2013",2
177,"End of loanApr 4, 2015",1
178,"End of loanApr 4, 2017",2
179,"End of loanApr 4, 2019",3
180,"End of loanApr 5, 2011",1
181,"End of loanApr 5, 2012",3
182,"End of loanApr 5, 2014",1
183,"End of loanApr 5, 2016",2
184,"End of loanApr 5, 2017",1
185,"End of loanApr 6, 2009",4
186,"End of loanApr 6, 2011",1
187,"End of loanApr 6, 2012",1
188,"End of loanApr 6, 2014",1
189,"End of loanApr 6, 2015",2
190,"End of loanApr 6, 2018",1
191,"End of loanApr 7, 2008",2
192,"End of loanApr 7, 2011",1
193,"End of loanApr 7, 2013",2
194,"End of loanApr 7, 2014",2
195,"End of loanApr 8, 1997",2
196,"End of loanApr 8, 2010",3
197,"End of loanApr 8, 2012",1
198,"End of loanApr 8, 2013",1
199,"End of loanApr 9, 2009",1
200,"End of loanApr 9, 2013",2
201,"End of loanApr 9, 2014",1
202,"End of loanApr 9, 2015",1
203,"End of loanApr 9, 2016",2
204,"End of loanApr 9, 2017",2
205,"End of loanAug 1, 1992",1
206,"End of loanAug 1, 1995",7
207,"End of loanAug 1, 1998",1
208,"End of loanAug 1, 1999",2
209,"End of loanAug 1, 2000",1
210,"End of loanAug 1, 2002",5
211,"End of loanAug 1, 2003",2
212,"End of loanAug 1, 2004",1
213,"End of loanAug 1, 2005",1
214,"End of loanAug 1, 2006",4
215,"End of loanAug 1, 2007",3
216,"End of loanAug 1, 2008",4
217,"End of loanAug 1, 2009",5
218,"End of loanAug 1, 2010",4
219,"End of loanAug 1, 2011",4
220,"End of loanAug 1, 2012",2
221,"End of loanAug 1, 2013",1
222,"End of loanAug 1, 2014",1
223,"End of loanAug 1, 2016",1
224,"End of loanAug 1, 2020",2
225,"End of loanAug 10, 2011",1
226,"End of loanAug 10, 2013",1
227,"End of loanAug 10, 2020",4
228,"End of loanAug 10, 2021",1
229,"End of loanAug 11, 2017",1
230,"End of loanAug 11, 2020",2
231,"End of loanAug 12, 2020",6
232,"End of loanAug 13, 2014",1
233,"End of loanAug 14, 1997",2
234,"End of loanAug 14, 2013",2
235,"End of loanAug 14, 2020",2
236,"End of loanAug 15, 2013",2
237,"End of loanAug 16, 1995",2
238,"End of loanAug 16, 2016",3
239,"End of loanAug 16, 2021",1
240,"End of loanAug 17, 2014",1
241,"End of loanAug 17, 2016",1
242,"End of loanAug 17, 2020",10
243,"End of loanAug 18, 2014",2
244,"End of loanAug 18, 2020",1
245,"End of loanAug 19, 1999",1
246,"End of loanAug 19, 2013",1
247,"End of loanAug 19, 2015",1
248,"End of loanAug 2, 2020",14
249,"End of loanAug 20, 1998",1
250,"End of loanAug 20, 2009",2
251,"End of loanAug 20, 2013",1
252,"End of loanAug 20, 2014",1
253,"End of loanAug 20, 2019",1
254,"End of loanAug 20, 2020",3
255,"End of loanAug 21, 2013",2
256,"End of loanAug 21, 2019",1
257,"End of loanAug 22, 2002",1
258,"End of loanAug 22, 2018",2
259,"End of loanAug 22, 2020",3
260,"End of loanAug 22, 2021",1
261,"End of loanAug 23, 1997",1
262,"End of loanAug 24, 2005",1
263,"End of loanAug 24, 2017",1
264,"End of loanAug 24, 2020",16
265,"End of loanAug 25, 2010",2
266,"End of loanAug 25, 2013",1
267,"End of loanAug 26, 2007",1
268,"End of loanAug 26, 2014",1
269,"End of loanAug 26, 2015",1
270,"End of loanAug 26, 2021",1
271,"End of loanAug 27, 2012",1
272,"End of loanAug 27, 2014",4
273,"End of loanAug 27, 2019",1
274,"End of loanAug 28, 2014",2
275,"End of loanAug 28, 2015",2
276,"End of loanAug 29, 2003",1
277,"End of loanAug 29, 2011",1
278,"End of loanAug 29, 2014",1
279,"End of loanAug 29, 2017",2
280,"End of loanAug 29, 2019",1
281,"End of loanAug 3, 2020",24
282,"End of loanAug 30, 1999",3
283,"End of loanAug 30, 2001",2
284,"End of loanAug 30, 2003",1
285,"End of loanAug 30, 2011",1
286,"End of loanAug 30, 2012",1
287,"End of loanAug 30, 2013",3
288,"End of loanAug 30, 2016",1
289,"End of loanAug 30, 2018",1
290,"End of loanAug 30, 2019",1
291,"End of loanAug 30, 2020",1
292,"End of loanAug 30, 2021",3
293,"End of loanAug 31, 1994",2
294,"End of loanAug 31, 2000",2
295,"End of loanAug 31, 2004",2
296,"End of loanAug 31, 2007",1
297,"End of loanAug 31, 2008",2
298,"End of loanAug 31, 2009",3
299,"End of loanAug 31, 2010",4
300,"End of loanAug 31, 2011",1
301,"End of loanAug 31, 2014",4
302,"End of loanAug 31, 2015",4
303,"End of loanAug 31, 2016",3
304,"End of loanAug 31, 2018",1
305,"End of loanAug 31, 2020",108
306,"End of loanAug 31, 2021",4
307,"End of loanAug 4, 2015",3
308,"End of loanAug 4, 2020",3
309,"End of loanAug 4, 2021",1
310,"End of loanAug 5, 2020",10
311,"End of loanAug 5, 2021",1
312,"End of loanAug 6, 2020",1
313,"End of loanAug 7, 2021",1
314,"End of loanAug 8, 2004",1
315,"End of loanAug 8, 2017",2
316,"End of loanAug 9, 2018",1
317,"End of loanAug 9, 2020",1
318,"End of loanDec 1, 1992",4
319,"End of loanDec 1, 1993",3
320,"End of loanDec 1, 1994",9
321,"End of loanDec 1, 1995",6
322,"End of loanDec 1, 1996",25
323,"End of loanDec 1, 1997",9
324,"End of loanDec 1, 1998",22
325,"End of loanDec 1, 1999",17
326,"End of loanDec 1, 2000",26
327,"End of loanDec 1, 2001",35
328,"End of loanDec 1, 2002",44
329,"End of loanDec 1, 2003",60
330,"End of loanDec 1, 2004",59
331,"End of loanDec 1, 2005",98
332,"End of loanDec 1, 2006",97
333,"End of loanDec 1, 2007",122
334,"End of loanDec 1, 2008",146
335,"End of loanDec 1, 2009",111
336,"End of loanDec 1, 2010",130
337,"End of loanDec 1, 2011",78
338,"End of loanDec 1, 2012",3
339,"End of loanDec 1, 2013",2
340,"End of loanDec 1, 2015",2
341,"End of loanDec 1, 2016",1
342,"End of loanDec 1, 2017",3
343,"End of loanDec 1, 2018",1
344,"End of loanDec 1, 2019",1
345,"End of loanDec 1, 2020",1
346,"End of loanDec 10, 2000",1
347,"End of loanDec 10, 2001",1
348,"End of loanDec 10, 2003",3
349,"End of loanDec 10, 2006",1
350,"End of loanDec 10, 2007",3
351,"End of loanDec 10, 2008",2
352,"End of loanDec 10, 2011",2
353,"End of loanDec 10, 2012",2
354,"End of loanDec 10, 2014",2
355,"End of loanDec 10, 2015",2
356,"End of loanDec 10, 2016",1
357,"End of loanDec 10, 2018",1
358,"End of loanDec 11, 2003",2
359,"End of loanDec 11, 2008",1
360,"End of loanDec 11, 2012",1
361,"End of loanDec 11, 2014",2
362,"End of loanDec 12, 1997",2
363,"End of loanDec 12, 1998",3
364,"End of loanDec 12, 2002",1
365,"End of loanDec 12, 2003",2
366,"End of loanDec 12, 2012",2
367,"End of loanDec 12, 2013",2
368,"End of loanDec 12, 2014",2
369,"End of loanDec 12, 2015",1
370,"End of loanDec 13, 1994",1
371,"End of loanDec 13, 2000",2
372,"End of loanDec 13, 2001",1
373,"End of loanDec 13, 2002",1
374,"End of loanDec 13, 2005",1
375,"End of loanDec 13, 2013",5
376,"End of loanDec 13, 2014",3
377,"End of loanDec 13, 2015",3
378,"End of loanDec 13, 2018",1
379,"End of loanDec 14, 1996",1
380,"End of loanDec 14, 1998",2
381,"End of loanDec 14, 1999",2
382,"End of loanDec 14, 2001",1
383,"End of loanDec 14, 2006",1
384,"End of loanDec 14, 2008",2
385,"End of loanDec 14, 2011",2
386,"End of loanDec 14, 2014",1
387,"End of loanDec 14, 2015",2
388,"End of loanDec 15, 2004",2
389,"End of loanDec 15, 2006",1
390,"End of loanDec 15, 2007",1
391,"End of loanDec 15, 2008",1
392,"End of loanDec 15, 2009",2
393,"End of loanDec 15, 2012",1
394,"End of loanDec 15, 2013",3
395,"End of loanDec 15, 2015",1
396,"End of loanDec 15, 2018",1
397,"End of loanDec 16, 1999",1
398,"End of loanDec 16, 2006",2
399,"End of loanDec 16, 2007",3
400,"End of loanDec 16, 2008",1
401,"End of loanDec 16, 2009",1
402,"End of loanDec 16, 2010",1
403,"End of loanDec 16, 2013",2
404,"End of loanDec 16, 2014",2
405,"End of loanDec 17, 1994",2
406,"End of loanDec 17, 2000",1
407,"End of loanDec 17, 2009",1
408,"End of loanDec 17, 2012",1
409,"End of loanDec 17, 2014",1
410,"End of loanDec 17, 2017",1
411,"End of loanDec 17, 2020",1
412,"End of loanDec 18, 1996",2
413,"End of loanDec 18, 2002",1
414,"End of loanDec 18, 2005",3
415,"End of loanDec 18, 2007",1
416,"End of loanDec 18, 2009",3
417,"End of loanDec 18, 2011",1
418,"End of loanDec 18, 2012",1
419,"End of loanDec 18, 2014",1
420,"End of loanDec 18, 2017",1
421,"End of loanDec 19, 1993",1
422,"End of loanDec 19, 1997",1
423,"End of loanDec 19, 2009",1
424,"End of loanDec 19, 2010",2
425,"End of loanDec 19, 2012",6
426,"End of loanDec 19, 2015",1
427,"End of loanDec 2, 2007",2
428,"End of loanDec 2, 2013",6
429,"End of loanDec 2, 2014",1
430,"End of loanDec 2, 2019",1
431,"End of loanDec 20, 1995",2
432,"End of loanDec 20, 2001",1
433,"End of loanDec 20, 2007",1
434,"End of loanDec 20, 2008",1
435,"End of loanDec 20, 2011",4
436,"End of loanDec 20, 2013",1
437,"End of loanDec 20, 2014",3
438,"End of loanDec 20, 2015",1
439,"End of loanDec 20, 2017",2
440,"End of loanDec 20, 2019",1
441,"End of loanDec 20, 2020",1
442,"End of loanDec 21, 1995",1
443,"End of loanDec 21, 1998",1
444,"End of loanDec 21, 2007",1
445,"End of loanDec 21, 2008",2
446,"End of loanDec 21, 2009",2
447,"End of loanDec 21, 2010",3
448,"End of loanDec 21, 2011",1
449,"End of loanDec 21, 2012",1
450,"End of loanDec 21, 2014",3
451,"End of loanDec 21, 2015",2
452,"End of loanDec 21, 2017",1
453,"End of loanDec 22, 1995",2
454,"End of loanDec 22, 2003",1
455,"End of loanDec 22, 2008",1
456,"End of loanDec 22, 2012",3
457,"End of loanDec 22, 2013",1
458,"End of loanDec 22, 2014",5
459,"End of loanDec 22, 2015",2
460,"End of loanDec 23, 1997",1
461,"End of loanDec 23, 2006",1
462,"End of loanDec 23, 2010",2
463,"End of loanDec 23, 2011",1
464,"End of loanDec 23, 2012",4
465,"End of loanDec 23, 2013",2
466,"End of loanDec 23, 2014",1
467,"End of loanDec 23, 2015",2
468,"End of loanDec 23, 2018",2
469,"End of loanDec 24, 1997",1
470,"End of loanDec 24, 2003",2
471,"End of loanDec 24, 2011",3
472,"End of loanDec 24, 2013",1
473,"End of loanDec 24, 2014",1
474,"End of loanDec 25, 2003",1
475,"End of loanDec 25, 2011",1
476,"End of loanDec 25, 2013",5
477,"End of loanDec 25, 2015",1
478,"End of loanDec 25, 2018",1
479,"End of loanDec 25, 2020",1
480,"End of loanDec 26, 1996",3
481,"End of loanDec 26, 1999",2
482,"End of loanDec 26, 2001",1
483,"End of loanDec 26, 2006",1
484,"End of loanDec 26, 2009",4
485,"End of loanDec 26, 2010",1
486,"End of loanDec 26, 2011",2
487,"End of loanDec 26, 2012",1
488,"End of loanDec 26, 2017",1
489,"End of loanDec 27, 1995",1
490,"End of loanDec 27, 1999",2
491,"End of loanDec 27, 2002",1
492,"End of loanDec 27, 2003",2
493,"End of loanDec 27, 2004",4
494,"End of loanDec 27, 2005",1
495,"End of loanDec 27, 2006",2
496,"End of loanDec 27, 2008",1
497,"End of loanDec 27, 2009",2
498,"End of loanDec 27, 2012",3
499,"End of loanDec 27, 2013",1
500,"End of loanDec 27, 2014",1
501,"End of loanDec 27, 2015",2
502,"End of loanDec 28, 1995",2
503,"End of loanDec 28, 2005",2
504,"End of loanDec 28, 2006",1
505,"End of loanDec 28, 2008",2
506,"End of loanDec 28, 2009",2
507,"End of loanDec 28, 2011",3
508,"End of loanDec 28, 2012",5
509,"End of loanDec 28, 2013",4
510,"End of loanDec 28, 2014",4
511,"End of loanDec 28, 2015",3
512,"End of loanDec 28, 2017",4
513,"End of loanDec 28, 2018",1
514,"End of loanDec 29, 1994",1
515,"End of loanDec 29, 2002",2
516,"End of loanDec 29, 2003",2
517,"End of loanDec 29, 2006",1
518,"End of loanDec 29, 2007",1
519,"End of loanDec 29, 2008",2
520,"End of loanDec 29, 2009",1
521,"End of loanDec 29, 2010",1
522,"End of loanDec 29, 2011",1
523,"End of loanDec 29, 2012",8
524,"End of loanDec 29, 2013",6
525,"End of loanDec 29, 2014",3
526,"End of loanDec 29, 2016",1
527,"End of loanDec 29, 2018",3
528,"End of loanDec 3, 2006",2
529,"End of loanDec 3, 2009",1
530,"End of loanDec 3, 2012",3
531,"End of loanDec 3, 2014",2
532,"End of loanDec 3, 2017",1
533,"End of loanDec 3, 2020",1
534,"End of loanDec 30, 1993",1
535,"End of loanDec 30, 1994",1
536,"End of loanDec 30, 2000",2
537,"End of loanDec 30, 2008",3
538,"End of loanDec 30, 2009",1
539,"End of loanDec 30, 2010",2
540,"End of loanDec 30, 2011",3
541,"End of loanDec 30, 2012",2
542,"End of loanDec 30, 2013",4
543,"End of loanDec 30, 2014",5
544,"End of loanDec 31, 1992",9
545,"End of loanDec 31, 1993",16
546,"End of loanDec 31, 1994",14
547,"End of loanDec 31, 1995",16
548,"End of loanDec 31, 1996",13
549,"End of loanDec 31, 1997",10
550,"End of loanDec 31, 1998",23
551,"End of loanDec 31, 1999",26
552,"End of loanDec 31, 2000",37
553,"End of loanDec 31, 2001",52
554,"End of loanDec 31, 2002",26
555,"End of loanDec 31, 2003",65
556,"End of loanDec 31, 2004",60
557,"End of loanDec 31, 2005",79
558,"End of loanDec 31, 2006",103
559,"End of loanDec 31, 2007",93
560,"End of loanDec 31, 2008",106
561,"End of loanDec 31, 2009",149
562,"End of loanDec 31, 2010",162
563,"End of loanDec 31, 2011",107
564,"End of loanDec 31, 2012",73
565,"End of loanDec 31, 2013",71
566,"End of loanDec 31, 2014",55
567,"End of loanDec 31, 2015",45
568,"End of loanDec 31, 2016",54
569,"End of loanDec 31, 2017",64
570,"End of loanDec 31, 2018",56
571,"End of loanDec 31, 2019",58
572,"End of loanDec 31, 2020",31
573,"End of loanDec 31, 2021",34
574,"End of loanDec 4, 2005",2
575,"End of loanDec 4, 2014",1
576,"End of loanDec 5, 2003",1
577,"End of loanDec 5, 2004",2
578,"End of loanDec 5, 2015",1
579,"End of loanDec 6, 2012",1
580,"End of loanDec 6, 2014",2
581,"End of loanDec 6, 2016",1
582,"End of loanDec 7, 2003",1
583,"End of loanDec 7, 2010",1
584,"End of loanDec 7, 2012",2
585,"End of loanDec 7, 2014",1
586,"End of loanDec 7, 2015",2
587,"End of loanDec 7, 2018",1
588,"End of loanDec 7, 2020",1
589,"End of loanDec 8, 1999",2
590,"End of loanDec 8, 2002",3
591,"End of loanDec 8, 2012",2
592,"End of loanDec 8, 2016",1
593,"End of loanDec 8, 2017",1
594,"End of loanDec 9, 2001",2
595,"End of loanDec 9, 2003",1
596,"End of loanDec 9, 2010",1
597,"End of loanDec 9, 2012",2
598,"End of loanDec 9, 2013",2
599,"End of loanDec 9, 2018",1
600,"End of loanFeb 1, 1993",2
601,"End of loanFeb 1, 1994",3
602,"End of loanFeb 1, 1995",2
603,"End of loanFeb 1, 1996",4
604,"End of loanFeb 1, 1997",6
605,"End of loanFeb 1, 1998",10
606,"End of loanFeb 1, 1999",10
607,"End of loanFeb 1, 2000",14
608,"End of loanFeb 1, 2001",14
609,"End of loanFeb 1, 2002",18
610,"End of loanFeb 1, 2003",8
611,"End of loanFeb 1, 2004",14
612,"End of loanFeb 1, 2005",20
613,"End of loanFeb 1, 2006",21
614,"End of loanFeb 1, 2007",22
615,"End of loanFeb 1, 2008",22
616,"End of loanFeb 1, 2009",25
617,"End of loanFeb 1, 2010",21
618,"End of loanFeb 1, 2011",30
619,"End of loanFeb 1, 2012",28
620,"End of loanFeb 1, 2013",4
621,"End of loanFeb 1, 2014",1
622,"End of loanFeb 1, 2015",18
623,"End of loanFeb 1, 2016",13
624,"End of loanFeb 1, 2017",3
625,"End of loanFeb 1, 2019",1
626,"End of loanFeb 1, 2020",1
627,"End of loanFeb 1, 2021",3
628,"End of loanFeb 10, 1994",2
629,"End of loanFeb 10, 2000",3
630,"End of loanFeb 10, 2005",1
631,"End of loanFeb 10, 2010",1
632,"End of loanFeb 10, 2012",1
633,"End of loanFeb 10, 2013",4
634,"End of loanFeb 10, 2014",3
635,"End of loanFeb 10, 2015",2
636,"End of loanFeb 10, 2017",1
637,"End of loanFeb 10, 2020",1
638,"End of loanFeb 10, 2021",1
639,"End of loanFeb 11, 1998",2
640,"End of loanFeb 11, 2001",1
641,"End of loanFeb 11, 2002",1
642,"End of loanFeb 11, 2013",2
643,"End of loanFeb 11, 2014",1
644,"End of loanFeb 11, 2015",1
645,"End of loanFeb 12, 2006",2
646,"End of loanFeb 12, 2015",1
647,"End of loanFeb 12, 2018",1
648,"End of loanFeb 13, 1999",3
649,"End of loanFeb 13, 2003",3
650,"End of loanFeb 13, 2006",1
651,"End of loanFeb 13, 2011",1
652,"End of loanFeb 13, 2012",1
653,"End of loanFeb 13, 2016",1
654,"End of loanFeb 14, 1996",2
655,"End of loanFeb 14, 2016",4
656,"End of loanFeb 14, 2018",3
657,"End of loanFeb 15, 2003",1
658,"End of loanFeb 15, 2012",6
659,"End of loanFeb 15, 2013",1
660,"End of loanFeb 15, 2014",1
661,"End of loanFeb 15, 2015",2
662,"End of loanFeb 15, 2019",1
663,"End of loanFeb 16, 2003",1
664,"End of loanFeb 16, 2008",2
665,"End of loanFeb 16, 2009",1
666,"End of loanFeb 16, 2012",2
667,"End of loanFeb 16, 2015",2
668,"End of loanFeb 16, 2016",1
669,"End of loanFeb 17, 2003",2
670,"End of loanFeb 17, 2004",2
671,"End of loanFeb 17, 2005",2
672,"End of loanFeb 17, 2009",1
673,"End of loanFeb 17, 2010",1
674,"End of loanFeb 17, 2012",1
675,"End of loanFeb 17, 2014",1
676,"End of loanFeb 17, 2015",2
677,"End of loanFeb 17, 2020",2
678,"End of loanFeb 18, 1993",2
679,"End of loanFeb 18, 1999",1
680,"End of loanFeb 18, 2000",2
681,"End of loanFeb 18, 2004",1
682,"End of loanFeb 18, 2007",1
683,"End of loanFeb 18, 2008",1
684,"End of loanFeb 18, 2012",1
685,"End of loanFeb 18, 2013",2
686,"End of loanFeb 18, 2014",1
687,"End of loanFeb 18, 2015",1
688,"End of loanFeb 18, 2016",1
689,"End of loanFeb 18, 2019",1
690,"End of loanFeb 19, 1995",1
691,"End of loanFeb 19, 2012",1
692,"End of loanFeb 19, 2014",3
693,"End of loanFeb 19, 2015",3
694,"End of loanFeb 19, 2016",1
695,"End of loanFeb 19, 2018",1
696,"End of loanFeb 2, 2012",1
697,"End of loanFeb 2, 2013",2
698,"End of loanFeb 2, 2014",2
699,"End of loanFeb 2, 2015",6
700,"End of loanFeb 2, 2016",2
701,"End of loanFeb 2, 2017",4
702,"End of loanFeb 2, 2018",1
703,"End of loanFeb 20, 1999",1
704,"End of loanFeb 20, 2000",1
705,"End of loanFeb 20, 2006",1
706,"End of loanFeb 20, 2013",1
707,"End of loanFeb 20, 2018",1
708,"End of loanFeb 20, 2019",2
709,"End of loanFeb 21, 1996",2
710,"End of loanFeb 21, 2000",1
711,"End of loanFeb 21, 2001",3
712,"End of loanFeb 21, 2010",2
713,"End of loanFeb 21, 2015",2
714,"End of loanFeb 21, 2016",1
715,"End of loanFeb 21, 2020",1
716,"End of loanFeb 22, 1998",1
717,"End of loanFeb 22, 2004",1
718,"End of loanFeb 22, 2007",1
719,"End of loanFeb 22, 2010",1
720,"End of loanFeb 22, 2011",2
721,"End of loanFeb 22, 2014",1
722,"End of loanFeb 22, 2015",2
723,"End of loanFeb 22, 2016",1
724,"End of loanFeb 22, 2017",2
725,"End of loanFeb 22, 2019",4
726,"End of loanFeb 23, 2002",2
727,"End of loanFeb 23, 2005",2
728,"End of loanFeb 23, 2013",2
729,"End of loanFeb 23, 2014",1
730,"End of loanFeb 23, 2016",1
731,"End of loanFeb 24, 1998",2
732,"End of loanFeb 24, 2003",1
733,"End of loanFeb 24, 2012",3
734,"End of loanFeb 24, 2014",2
735,"End of loanFeb 24, 2015",1
736,"End of loanFeb 24, 2016",1
737,"End of loanFeb 24, 2018",1
738,"End of loanFeb 25, 1997",1
739,"End of loanFeb 25, 1998",1
740,"End of loanFeb 25, 1999",1
741,"End of loanFeb 25, 2005",1
742,"End of loanFeb 25, 2016",1
743,"End of loanFeb 25, 2019",1
744,"End of loanFeb 26, 2002",1
745,"End of loanFeb 26, 2006",1
746,"End of loanFeb 26, 2008",2
747,"End of loanFeb 26, 2009",1
748,"End of loanFeb 26, 2012",1
749,"End of loanFeb 26, 2013",1
750,"End of loanFeb 26, 2015",1
751,"End of loanFeb 26, 2016",1
752,"End of loanFeb 26, 2017",1
753,"End of loanFeb 27, 2000",2
754,"End of loanFeb 27, 2004",1
755,"End of loanFeb 27, 2005",1
756,"End of loanFeb 27, 2012",1
757,"End of loanFeb 27, 2014",1
758,"End of loanFeb 27, 2015",1
759,"End of loanFeb 27, 2016",1
760,"End of loanFeb 27, 2018",1
761,"End of loanFeb 27, 2019",2
762,"End of loanFeb 28, 1995",1
763,"End of loanFeb 28, 1998",3
764,"End of loanFeb 28, 1999",1
765,"End of loanFeb 28, 2005",4
766,"End of loanFeb 28, 2009",1
767,"End of loanFeb 28, 2010",4
768,"End of loanFeb 28, 2011",4
769,"End of loanFeb 28, 2012",3
770,"End of loanFeb 28, 2013",4
771,"End of loanFeb 28, 2014",5
772,"End of loanFeb 28, 2015",1
773,"End of loanFeb 28, 2020",1
774,"End of loanFeb 29, 2004",2
775,"End of loanFeb 29, 2016",2
776,"End of loanFeb 3, 2008",1
777,"End of loanFeb 3, 2009",1
778,"End of loanFeb 3, 2013",1
779,"End of loanFeb 3, 2014",2
780,"End of loanFeb 3, 2017",2
781,"End of loanFeb 3, 2019",1
782,"End of loanFeb 4, 1996",1
783,"End of loanFeb 4, 1998",1
784,"End of loanFeb 4, 2007",1
785,"End of loanFeb 4, 2014",3
786,"End of loanFeb 4, 2016",2
787,"End of loanFeb 4, 2017",1
788,"End of loanFeb 5, 2009",3
789,"End of loanFeb 5, 2011",1
790,"End of loanFeb 5, 2015",1
791,"End of loanFeb 5, 2016",2
792,"End of loanFeb 5, 2018",2
793,"End of loanFeb 5, 2019",1
794,"End of loanFeb 6, 1996",1
795,"End of loanFeb 6, 2006",1
796,"End of loanFeb 6, 2009",2
797,"End of loanFeb 6, 2010",2
798,"End of loanFeb 6, 2011",2
799,"End of loanFeb 6, 2012",2
800,"End of loanFeb 6, 2014",1
801,"End of loanFeb 6, 2015",1
802,"End of loanFeb 6, 2020",2
803,"End of loanFeb 7, 1995",1
804,"End of loanFeb 7, 1999",2
805,"End of loanFeb 7, 2008",1
806,"End of loanFeb 7, 2011",2
807,"End of loanFeb 7, 2012",1
808,"End of loanFeb 7, 2013",1
809,"End of loanFeb 7, 2015",4
810,"End of loanFeb 7, 2016",1
811,"End of loanFeb 7, 2019",1
812,"End of loanFeb 8, 2008",1
813,"End of loanFeb 8, 2012",1
814,"End of loanFeb 8, 2013",2
815,"End of loanFeb 8, 2014",1
816,"End of loanFeb 8, 2016",2
817,"End of loanFeb 9, 2001",1
818,"End of loanFeb 9, 2013",2
819,"End of loanFeb 9, 2014",2
820,"End of loanFeb 9, 2015",2
821,"End of loanFeb 9, 2020",1
822,"End of loanJan 1, 1995",2
823,"End of loanJan 1, 1996",5
824,"End of loanJan 1, 1997",1
825,"End of loanJan 1, 1998",4
826,"End of loanJan 1, 1999",2
827,"End of loanJan 1, 2000",3
828,"End of loanJan 1, 2001",3
829,"End of loanJan 1, 2002",3
830,"End of loanJan 1, 2003",1
831,"End of loanJan 1, 2004",6
832,"End of loanJan 1, 2005",6
833,"End of loanJan 1, 2006",4
834,"End of loanJan 1, 2007",14
835,"End of loanJan 1, 2008",9
836,"End of loanJan 1, 2009",21
837,"End of loanJan 1, 2010",22
838,"End of loanJan 1, 2011",16
839,"End of loanJan 1, 2012",24
840,"End of loanJan 1, 2013",27
841,"End of loanJan 1, 2014",38
842,"End of loanJan 1, 2015",17
843,"End of loanJan 1, 2016",17
844,"End of loanJan 1, 2017",10
845,"End of loanJan 1, 2018",21
846,"End of loanJan 1, 2019",32
847,"End of loanJan 1, 2020",23
848,"End of loanJan 1, 2021",8
849,"End of loanJan 1, 2022",7
850,"End of loanJan 10, 1994",1
851,"End of loanJan 10, 2004",2
852,"End of loanJan 10, 2005",2
853,"End of loanJan 10, 2006",1
854,"End of loanJan 10, 2008",1
855,"End of loanJan 10, 2012",1
856,"End of loanJan 10, 2013",4
857,"End of loanJan 10, 2014",1
858,"End of loanJan 10, 2015",5
859,"End of loanJan 10, 2016",6
860,"End of loanJan 10, 2017",4
861,"End of loanJan 10, 2018",10
862,"End of loanJan 10, 2019",7
863,"End of loanJan 10, 2020",1
864,"End of loanJan 10, 2021",1
865,"End of loanJan 10, 2022",1
866,"End of loanJan 11, 1993",1
867,"End of loanJan 11, 2004",2
868,"End of loanJan 11, 2009",2
869,"End of loanJan 11, 2010",2
870,"End of loanJan 11, 2012",1
871,"End of loanJan 11, 2013",4
872,"End of loanJan 11, 2015",7
873,"End of loanJan 11, 2016",3
874,"End of loanJan 11, 2018",6
875,"End of loanJan 11, 2019",7
876,"End of loanJan 11, 2020",4
877,"End of loanJan 11, 2021",5
878,"End of loanJan 12, 2001",1
879,"End of loanJan 12, 2004",1
880,"End of loanJan 12, 2006",2
881,"End of loanJan 12, 2007",2
882,"End of loanJan 12, 2009",1
883,"End of loanJan 12, 2010",2
884,"End of loanJan 12, 2011",2
885,"End of loanJan 12, 2012",1
886,"End of loanJan 12, 2013",2
887,"End of loanJan 12, 2014",2
888,"End of loanJan 12, 2015",2
889,"End of loanJan 12, 2016",7
890,"End of loanJan 12, 2017",6
891,"End of loanJan 12, 2020",6
892,"End of loanJan 12, 2021",5
893,"End of loanJan 13, 2000",1
894,"End of loanJan 13, 2003",1
895,"End of loanJan 13, 2005",1
896,"End of loanJan 13, 2011",1
897,"End of loanJan 13, 2013",7
898,"End of loanJan 13, 2014",5
899,"End of loanJan 13, 2015",1
900,"End of loanJan 13, 2018",3
901,"End of loanJan 13, 2019",1
902,"End of loanJan 13, 2020",3
903,"End of loanJan 13, 2021",6
904,"End of loanJan 14, 1998",1
905,"End of loanJan 14, 2007",1
906,"End of loanJan 14, 2009",3
907,"End of loanJan 14, 2010",2
908,"End of loanJan 14, 2013",4
909,"End of loanJan 14, 2014",1
910,"End of loanJan 14, 2015",6
911,"End of loanJan 14, 2016",3
912,"End of loanJan 14, 2017",4
913,"End of loanJan 14, 2018",2
914,"End of loanJan 14, 2019",2
915,"End of loanJan 14, 2020",4
916,"End of loanJan 14, 2021",4
917,"End of loanJan 15, 2003",1
918,"End of loanJan 15, 2006",5
919,"End of loanJan 15, 2007",1
920,"End of loanJan 15, 2008",1
921,"End of loanJan 15, 2009",2
922,"End of loanJan 15, 2012",7
923,"End of loanJan 15, 2013",2
924,"End of loanJan 15, 2014",2
925,"End of loanJan 15, 2015",4
926,"End of loanJan 15, 2016",3
927,"End of loanJan 15, 2017",7
928,"End of loanJan 15, 2018",11
929,"End of loanJan 15, 2019",2
930,"End of loanJan 15, 2020",5
931,"End of loanJan 15, 2021",6
932,"End of loanJan 16, 1999",1
933,"End of loanJan 16, 2009",1
934,"End of loanJan 16, 2012",3
935,"End of loanJan 16, 2013",3
936,"End of loanJan 16, 2014",2
937,"End of loanJan 16, 2016",7
938,"End of loanJan 16, 2017",6
939,"End of loanJan 16, 2018",2
940,"End of loanJan 16, 2019",4
941,"End of loanJan 16, 2020",5
942,"End of loanJan 16, 2021",2
943,"End of loanJan 17, 1994",1
944,"End of loanJan 17, 1996",1
945,"End of loanJan 17, 1998",1
946,"End of loanJan 17, 2004",1
947,"End of loanJan 17, 2005",2
948,"End of loanJan 17, 2008",1
949,"End of loanJan 17, 2009",1
950,"End of loanJan 17, 2013",2
951,"End of loanJan 17, 2015",3
952,"End of loanJan 17, 2016",4
953,"End of loanJan 17, 2017",2
954,"End of loanJan 17, 2018",2
955,"End of loanJan 17, 2019",1
956,"End of loanJan 17, 2020",3
957,"End of loanJan 17, 2021",8
958,"End of loanJan 18, 1995",1
959,"End of loanJan 18, 1997",3
960,"End of loanJan 18, 2009",6
961,"End of loanJan 18, 2010",1
962,"End of loanJan 18, 2011",2
963,"End of loanJan 18, 2013",4
964,"End of loanJan 18, 2014",1
965,"End of loanJan 18, 2015",3
966,"End of loanJan 18, 2016",1
967,"End of loanJan 18, 2017",2
968,"End of loanJan 18, 2019",2
969,"End of loanJan 18, 2020",1
970,"End of loanJan 18, 2021",2
971,"End of loanJan 19, 2000",1
972,"End of loanJan 19, 2009",1
973,"End of loanJan 19, 2012",10
974,"End of loanJan 19, 2013",3
975,"End of loanJan 19, 2014",3
976,"End of loanJan 19, 2015",9
977,"End of loanJan 19, 2016",4
978,"End of loanJan 19, 2017",4
979,"End of loanJan 19, 2019",2
980,"End of loanJan 19, 2020",3
981,"End of loanJan 19, 2021",1
982,"End of loanJan 2, 2007",15
983,"End of loanJan 2, 2008",16
984,"End of loanJan 2, 2009",7
985,"End of loanJan 2, 2010",3
986,"End of loanJan 2, 2011",2
987,"End of loanJan 2, 2012",7
988,"End of loanJan 2, 2013",34
989,"End of loanJan 2, 2014",45
990,"End of loanJan 2, 2015",14
991,"End of loanJan 2, 2016",26
992,"End of loanJan 2, 2017",26
993,"End of loanJan 2, 2018",13
994,"End of loanJan 2, 2019",11
995,"End of loanJan 2, 2020",15
996,"End of loanJan 2, 2021",5
997,"End of loanJan 2, 2022",1
998,"End of loanJan 20, 2002",1
999,"End of loanJan 20, 2006",2
1000,"End of loanJan 20, 2010",2
1001,"End of loanJan 20, 2012",1
1002,"End of loanJan 20, 2014",1
1003,"End of loanJan 20, 2015",2
1004,"End of loanJan 20, 2016",7
1005,"End of loanJan 20, 2017",2
1006,"End of loanJan 20, 2020",5
1007,"End of loanJan 20, 2021",1
1008,"End of loanJan 21, 2000",1
1009,"End of loanJan 21, 2004",1
1010,"End of loanJan 21, 2007",2
1011,"End of loanJan 21, 2009",3
1012,"End of loanJan 21, 2013",1
1013,"End of loanJan 21, 2014",3
1014,"End of loanJan 21, 2015",5
1015,"End of loanJan 21, 2016",3
1016,"End of loanJan 21, 2018",2
1017,"End of loanJan 21, 2019",5
1018,"End of loanJan 21, 2020",2
1019,"End of loanJan 21, 2021",3
1020,"End of loanJan 22, 1997",2
1021,"End of loanJan 22, 1998",1
1022,"End of loanJan 22, 2007",2
1023,"End of loanJan 22, 2008",1
1024,"End of loanJan 22, 2010",1
1025,"End of loanJan 22, 2011",2
1026,"End of loanJan 22, 2013",5
1027,"End of loanJan 22, 2014",2
1028,"End of loanJan 22, 2015",2
1029,"End of loanJan 22, 2016",2
1030,"End of loanJan 22, 2017",2
1031,"End of loanJan 22, 2018",2
1032,"End of loanJan 22, 2019",4
1033,"End of loanJan 22, 2020",5
1034,"End of loanJan 22, 2021",1
1035,"End of loanJan 23, 2001",1
1036,"End of loanJan 23, 2003",2
1037,"End of loanJan 23, 2004",1
1038,"End of loanJan 23, 2012",6
1039,"End of loanJan 23, 2014",5
1040,"End of loanJan 23, 2015",1
1041,"End of loanJan 23, 2016",5
1042,"End of loanJan 23, 2017",1
1043,"End of loanJan 23, 2018",4
1044,"End of loanJan 23, 2019",4
1045,"End of loanJan 23, 2020",8
1046,"End of loanJan 23, 2021",1
1047,"End of loanJan 24, 1998",2
1048,"End of loanJan 24, 2001",1
1049,"End of loanJan 24, 2002",3
1050,"End of loanJan 24, 2003",1
1051,"End of loanJan 24, 2004",4
1052,"End of loanJan 24, 2008",1
1053,"End of loanJan 24, 2011",2
1054,"End of loanJan 24, 2014",3
1055,"End of loanJan 24, 2015",2
1056,"End of loanJan 24, 2016",1
1057,"End of loanJan 24, 2017",3
1058,"End of loanJan 24, 2018",3
1059,"End of loanJan 24, 2019",5
1060,"End of loanJan 24, 2020",4
1061,"End of loanJan 24, 2021",1
1062,"End of loanJan 25, 2000",1
1063,"End of loanJan 25, 2001",2
1064,"End of loanJan 25, 2005",2
1065,"End of loanJan 25, 2007",1
1066,"End of loanJan 25, 2009",1
1067,"End of loanJan 25, 2011",5
1068,"End of loanJan 25, 2012",1
1069,"End of loanJan 25, 2013",1
1070,"End of loanJan 25, 2014",1
1071,"End of loanJan 25, 2015",4
1072,"End of loanJan 25, 2016",4
1073,"End of loanJan 25, 2017",2
1074,"End of loanJan 25, 2018",4
1075,"End of loanJan 25, 2019",2
1076,"End of loanJan 25, 2021",11
1077,"End of loanJan 26, 2010",1
1078,"End of loanJan 26, 2012",2
1079,"End of loanJan 26, 2013",2
1080,"End of loanJan 26, 2015",5
1081,"End of loanJan 26, 2016",3
1082,"End of loanJan 26, 2017",6
1083,"End of loanJan 26, 2018",2
1084,"End of loanJan 26, 2020",3
1085,"End of loanJan 26, 2021",4
1086,"End of loanJan 27, 1999",1
1087,"End of loanJan 27, 2006",2
1088,"End of loanJan 27, 2009",1
1089,"End of loanJan 27, 2010",4
1090,"End of loanJan 27, 2014",4
1091,"End of loanJan 27, 2015",1
1092,"End of loanJan 27, 2016",5
1093,"End of loanJan 27, 2017",1
1094,"End of loanJan 27, 2018",1
1095,"End of loanJan 27, 2019",3
1096,"End of loanJan 27, 2020",3
1097,"End of loanJan 27, 2021",1
1098,"End of loanJan 28, 1998",1
1099,"End of loanJan 28, 2002",1
1100,"End of loanJan 28, 2007",1
1101,"End of loanJan 28, 2010",1
1102,"End of loanJan 28, 2011",1
1103,"End of loanJan 28, 2013",3
1104,"End of loanJan 28, 2014",2
1105,"End of loanJan 28, 2015",3
1106,"End of loanJan 28, 2016",1
1107,"End of loanJan 28, 2017",1
1108,"End of loanJan 28, 2018",3
1109,"End of loanJan 28, 2019",7
1110,"End of loanJan 28, 2020",6
1111,"End of loanJan 28, 2021",6
1112,"End of loanJan 29, 2008",1
1113,"End of loanJan 29, 2010",1
1114,"End of loanJan 29, 2012",1
1115,"End of loanJan 29, 2013",4
1116,"End of loanJan 29, 2014",14
1117,"End of loanJan 29, 2015",2
1118,"End of loanJan 29, 2016",3
1119,"End of loanJan 29, 2017",7
1120,"End of loanJan 29, 2018",7
1121,"End of loanJan 29, 2019",9
1122,"End of loanJan 29, 2020",6
1123,"End of loanJan 29, 2021",4
1124,"End of loanJan 3, 1995",1
1125,"End of loanJan 3, 2003",1
1126,"End of loanJan 3, 2006",5
1127,"End of loanJan 3, 2008",4
1128,"End of loanJan 3, 2010",3
1129,"End of loanJan 3, 2011",2
1130,"End of loanJan 3, 2012",10
1131,"End of loanJan 3, 2013",15
1132,"End of loanJan 3, 2014",8
1133,"End of loanJan 3, 2015",36
1134,"End of loanJan 3, 2016",33
1135,"End of loanJan 3, 2017",15
1136,"End of loanJan 3, 2018",12
1137,"End of loanJan 3, 2019",8
1138,"End of loanJan 3, 2020",1
1139,"End of loanJan 3, 2021",3
1140,"End of loanJan 3, 2022",1
1141,"End of loanJan 30, 1994",1
1142,"End of loanJan 30, 2006",3
1143,"End of loanJan 30, 2007",2
1144,"End of loanJan 30, 2008",3
1145,"End of loanJan 30, 2010",1
1146,"End of loanJan 30, 2011",3
1147,"End of loanJan 30, 2012",5
1148,"End of loanJan 30, 2013",10
1149,"End of loanJan 30, 2014",15
1150,"End of loanJan 30, 2015",8
1151,"End of loanJan 30, 2016",9
1152,"End of loanJan 30, 2017",29
1153,"End of loanJan 30, 2018",19
1154,"End of loanJan 30, 2019",32
1155,"End of loanJan 30, 2020",17
1156,"End of loanJan 30, 2021",5
1157,"End of loanJan 31, 1996",1
1158,"End of loanJan 31, 1997",2
1159,"End of loanJan 31, 2001",1
1160,"End of loanJan 31, 2002",1
1161,"End of loanJan 31, 2004",1
1162,"End of loanJan 31, 2006",1
1163,"End of loanJan 31, 2008",2
1164,"End of loanJan 31, 2010",1
1165,"End of loanJan 31, 2012",1
1166,"End of loanJan 31, 2013",4
1167,"End of loanJan 31, 2014",10
1168,"End of loanJan 31, 2015",1
1169,"End of loanJan 31, 2016",21
1170,"End of loanJan 31, 2017",11
1171,"End of loanJan 31, 2018",15
1172,"End of loanJan 31, 2019",6
1173,"End of loanJan 31, 2020",13
1174,"End of loanJan 31, 2021",26
1175,"End of loanJan 4, 1999",2
1176,"End of loanJan 4, 2000",2
1177,"End of loanJan 4, 2002",2
1178,"End of loanJan 4, 2005",1
1179,"End of loanJan 4, 2006",2
1180,"End of loanJan 4, 2008",1
1181,"End of loanJan 4, 2010",4
1182,"End of loanJan 4, 2011",17
1183,"End of loanJan 4, 2012",2
1184,"End of loanJan 4, 2013",11
1185,"End of loanJan 4, 2014",9
1186,"End of loanJan 4, 2015",12
1187,"End of loanJan 4, 2016",16
1188,"End of loanJan 4, 2017",10
1189,"End of loanJan 4, 2018",5
1190,"End of loanJan 4, 2019",2
1191,"End of loanJan 4, 2020",5
1192,"End of loanJan 4, 2021",8
1193,"End of loanJan 5, 1998",1
1194,"End of loanJan 5, 1999",2
1195,"End of loanJan 5, 2003",1
1196,"End of loanJan 5, 2005",2
1197,"End of loanJan 5, 2009",1
1198,"End of loanJan 5, 2010",1
1199,"End of loanJan 5, 2011",11
1200,"End of loanJan 5, 2012",3
1201,"End of loanJan 5, 2013",5
1202,"End of loanJan 5, 2014",12
1203,"End of loanJan 5, 2015",19
1204,"End of loanJan 5, 2016",2
1205,"End of loanJan 5, 2017",8
1206,"End of loanJan 5, 2018",4
1207,"End of loanJan 5, 2019",6
1208,"End of loanJan 5, 2020",7
1209,"End of loanJan 5, 2021",8
1210,"End of loanJan 6, 2004",3
1211,"End of loanJan 6, 2005",2
1212,"End of loanJan 6, 2008",3
1213,"End of loanJan 6, 2009",2
1214,"End of loanJan 6, 2010",3
1215,"End of loanJan 6, 2011",1
1216,"End of loanJan 6, 2012",2
1217,"End of loanJan 6, 2013",2
1218,"End of loanJan 6, 2014",6
1219,"End of loanJan 6, 2015",4
1220,"End of loanJan 6, 2016",4
1221,"End of loanJan 6, 2017",8
1222,"End of loanJan 6, 2018",1
1223,"End of loanJan 6, 2019",6
1224,"End of loanJan 6, 2020",7
1225,"End of loanJan 6, 2021",6
1226,"End of loanJan 7, 2001",1
1227,"End of loanJan 7, 2002",2
1228,"End of loanJan 7, 2007",2
1229,"End of loanJan 7, 2008",2
1230,"End of loanJan 7, 2010",1
1231,"End of loanJan 7, 2011",3
1232,"End of loanJan 7, 2013",4
1233,"End of loanJan 7, 2014",1
1234,"End of loanJan 7, 2015",4
1235,"End of loanJan 7, 2016",6
1236,"End of loanJan 7, 2017",3
1237,"End of loanJan 7, 2019",8
1238,"End of loanJan 7, 2020",2
1239,"End of loanJan 7, 2021",6
1240,"End of loanJan 8, 1995",1
1241,"End of loanJan 8, 2006",3
1242,"End of loanJan 8, 2007",2
1243,"End of loanJan 8, 2012",6
1244,"End of loanJan 8, 2013",3
1245,"End of loanJan 8, 2014",1
1246,"End of loanJan 8, 2015",2
1247,"End of loanJan 8, 2016",1
1248,"End of loanJan 8, 2017",3
1249,"End of loanJan 8, 2018",6
1250,"End of loanJan 8, 2019",4
1251,"End of loanJan 8, 2020",4
1252,"End of loanJan 8, 2021",2
1253,"End of loanJan 9, 1995",1
1254,"End of loanJan 9, 1998",1
1255,"End of loanJan 9, 2000",1
1256,"End of loanJan 9, 2007",1
1257,"End of loanJan 9, 2008",1
1258,"End of loanJan 9, 2009",2
1259,"End of loanJan 9, 2012",3
1260,"End of loanJan 9, 2013",4
1261,"End of loanJan 9, 2014",2
1262,"End of loanJan 9, 2015",1
1263,"End of loanJan 9, 2016",3
1264,"End of loanJan 9, 2017",3
1265,"End of loanJan 9, 2018",4
1266,"End of loanJan 9, 2019",9
1267,"End of loanJan 9, 2020",3
1268,"End of loanJan 9, 2021",2
1269,"End of loanJul 1, 1992",2
1270,"End of loanJul 1, 1993",3
1271,"End of loanJul 1, 1994",2
1272,"End of loanJul 1, 1995",2
1273,"End of loanJul 1, 1996",5
1274,"End of loanJul 1, 1997",4
1275,"End of loanJul 1, 1998",2
1276,"End of loanJul 1, 1999",7
1277,"End of loanJul 1, 2000",8
1278,"End of loanJul 1, 2001",5
1279,"End of loanJul 1, 2002",4
1280,"End of loanJul 1, 2003",7
1281,"End of loanJul 1, 2004",4
1282,"End of loanJul 1, 2005",2
1283,"End of loanJul 1, 2007",5
1284,"End of loanJul 1, 2008",4
1285,"End of loanJul 1, 2009",3
1286,"End of loanJul 1, 2010",1
1287,"End of loanJul 1, 2012",3
1288,"End of loanJul 1, 2013",1
1289,"End of loanJul 1, 2014",1
1290,"End of loanJul 1, 2017",1
1291,"End of loanJul 1, 2018",1
1292,"End of loanJul 1, 2020",1
1293,"End of loanJul 10, 2010",1
1294,"End of loanJul 10, 2012",2
1295,"End of loanJul 10, 2018",1
1296,"End of loanJul 10, 2021",1
1297,"End of loanJul 11, 2020",2
1298,"End of loanJul 12, 2001",1
1299,"End of loanJul 12, 2017",2
1300,"End of loanJul 12, 2020",2
1301,"End of loanJul 13, 2018",1
1302,"End of loanJul 13, 2020",1
1303,"End of loanJul 14, 2016",1
1304,"End of loanJul 14, 2020",11
1305,"End of loanJul 15, 2010",1
1306,"End of loanJul 15, 2013",2
1307,"End of loanJul 15, 2019",1
1308,"End of loanJul 16, 2017",1
1309,"End of loanJul 16, 2019",1
1310,"End of loanJul 17, 1995",1
1311,"End of loanJul 17, 2016",1
1312,"End of loanJul 17, 2020",2
1313,"End of loanJul 18, 2016",2
1314,"End of loanJul 19, 2019",1
1315,"End of loanJul 2, 2012",1
1316,"End of loanJul 2, 2019",1
1317,"End of loanJul 2, 2020",1
1318,"End of loanJul 20, 1998",1
1319,"End of loanJul 20, 2016",1
1320,"End of loanJul 20, 2020",73
1321,"End of loanJul 21, 2015",1
1322,"End of loanJul 21, 2019",1
1323,"End of loanJul 21, 2020",62
1324,"End of loanJul 21, 2021",1
1325,"End of loanJul 22, 2019",1
1326,"End of loanJul 23, 2020",18
1327,"End of loanJul 24, 2020",4
1328,"End of loanJul 25, 2003",1
1329,"End of loanJul 25, 2018",1
1330,"End of loanJul 26, 1999",1
1331,"End of loanJul 26, 2014",1
1332,"End of loanJul 26, 2017",1
1333,"End of loanJul 26, 2020",6
1334,"End of loanJul 26, 2021",1
1335,"End of loanJul 27, 2017",1
1336,"End of loanJul 27, 2020",10
1337,"End of loanJul 28, 2003",1
1338,"End of loanJul 28, 2014",1
1339,"End of loanJul 28, 2019",1
1340,"End of loanJul 28, 2020",1
1341,"End of loanJul 30, 1995",1
1342,"End of loanJul 30, 2014",1
1343,"End of loanJul 30, 2020",8
1344,"End of loanJul 31, 1993",2
1345,"End of loanJul 31, 2001",1
1346,"End of loanJul 31, 2012",5
1347,"End of loanJul 31, 2013",3
1348,"End of loanJul 31, 2015",1
1349,"End of loanJul 31, 2020",182
1350,"End of loanJul 31, 2021",1
1351,"End of loanJul 4, 2005",1
1352,"End of loanJul 5, 2005",3
1353,"End of loanJul 5, 2020",9
1354,"End of loanJul 7, 2016",1
1355,"End of loanJul 7, 2020",10
1356,"End of loanJul 8, 2007",2
1357,"End of loanJul 9, 2013",2
1358,"End of loanJul 9, 2015",2
1359,"End of loanJul 9, 2020",2
1360,"End of loanJun 1, 1992",8
1361,"End of loanJun 1, 1993",5
1362,"End of loanJun 1, 1994",20
1363,"End of loanJun 1, 1995",11
1364,"End of loanJun 1, 1996",5
1365,"End of loanJun 1, 1997",5
1366,"End of loanJun 1, 1998",11
1367,"End of loanJun 1, 1999",7
1368,"End of loanJun 1, 2000",9
1369,"End of loanJun 1, 2001",7
1370,"End of loanJun 1, 2002",15
1371,"End of loanJun 1, 2003",14
1372,"End of loanJun 1, 2004",21
1373,"End of loanJun 1, 2005",10
1374,"End of loanJun 1, 2006",12
1375,"End of loanJun 1, 2007",10
1376,"End of loanJun 1, 2008",16
1377,"End of loanJun 1, 2009",23
1378,"End of loanJun 1, 2010",50
1379,"End of loanJun 1, 2011",20
1380,"End of loanJun 1, 2012",13
1381,"End of loanJun 1, 2013",15
1382,"End of loanJun 1, 2014",10
1383,"End of loanJun 1, 2015",7
1384,"End of loanJun 1, 2016",1
1385,"End of loanJun 1, 2020",15
1386,"End of loanJun 10, 2020",1
1387,"End of loanJun 11, 2020",1
1388,"End of loanJun 12, 2009",2
1389,"End of loanJun 12, 2016",1
1390,"End of loanJun 14, 2008",1
1391,"End of loanJun 14, 2021",1
1392,"End of loanJun 15, 2020",2
1393,"End of loanJun 18, 2017",1
1394,"End of loanJun 19, 2006",2
1395,"End of loanJun 19, 2007",2
1396,"End of loanJun 19, 2019",1
1397,"End of loanJun 2, 2019",1
1398,"End of loanJun 20, 2013",1
1399,"End of loanJun 21, 2021",1
1400,"End of loanJun 23, 2006",1
1401,"End of loanJun 24, 2021",1
1402,"End of loanJun 26, 1993",2
1403,"End of loanJun 28, 2016",1
1404,"End of loanJun 28, 2018",1
1405,"End of loanJun 29, 2012",2
1406,"End of loanJun 29, 2013",1
1407,"End of loanJun 29, 2014",1
1408,"End of loanJun 29, 2015",1
1409,"End of loanJun 29, 2016",3
1410,"End of loanJun 29, 2017",1
1411,"End of loanJun 29, 2018",3
1412,"End of loanJun 29, 2020",1
1413,"End of loanJun 29, 2021",1
1414,"End of loanJun 3, 2021",1
1415,"End of loanJun 30, 1992",56
1416,"End of loanJun 30, 1993",72
1417,"End of loanJun 30, 1994",89
1418,"End of loanJun 30, 1995",85
1419,"End of loanJun 30, 1996",75
1420,"End of loanJun 30, 1997",92
1421,"End of loanJun 30, 1998",134
1422,"End of loanJun 30, 1999",189
1423,"End of loanJun 30, 2000",171
1424,"End of loanJun 30, 2001",224
1425,"End of loanJun 30, 2002",294
1426,"End of loanJun 30, 2003",353
1427,"End of loanJun 30, 2004",485
1428,"End of loanJun 30, 2005",485
1429,"End of loanJun 30, 2006",552
1430,"End of loanJun 30, 2007",546
1431,"End of loanJun 30, 2008",562
1432,"End of loanJun 30, 2009",662
1433,"End of loanJun 30, 2010",685
1434,"End of loanJun 30, 2011",695
1435,"End of loanJun 30, 2012",720
1436,"End of loanJun 30, 2013",727
1437,"End of loanJun 30, 2014",856
1438,"End of loanJun 30, 2015",882
1439,"End of loanJun 30, 2016",910
1440,"End of loanJun 30, 2017",909
1441,"End of loanJun 30, 2018",944
1442,"End of loanJun 30, 2019",1013
1443,"End of loanJun 30, 2020",555
1444,"End of loanJun 30, 2021",994
1445,"End of loanJun 30, 2022",4
1446,"End of loanJun 30, 214",1
1447,"End of loanJun 4, 2013",1
1448,"End of loanJun 5, 2006",1
1449,"End of loanJun 6, 2021",1
1450,"End of loanJun 7, 2012",1
1451,"End of loanMar 1, 1993",7
1452,"End of loanMar 1, 1994",5
1453,"End of loanMar 1, 1996",8
1454,"End of loanMar 1, 1997",18
1455,"End of loanMar 1, 1998",17
1456,"End of loanMar 1, 1999",18
1457,"End of loanMar 1, 2000",13
1458,"End of loanMar 1, 2001",15
1459,"End of loanMar 1, 2002",12
1460,"End of loanMar 1, 2003",13
1461,"End of loanMar 1, 2004",17
1462,"End of loanMar 1, 2005",10
1463,"End of loanMar 1, 2006",18
1464,"End of loanMar 1, 2007",15
1465,"End of loanMar 1, 2008",19
1466,"End of loanMar 1, 2009",20
1467,"End of loanMar 1, 2010",23
1468,"End of loanMar 1, 2011",7
1469,"End of loanMar 1, 2012",19
1470,"End of loanMar 1, 2015",1
1471,"End of loanMar 1, 2016",2
1472,"End of loanMar 10, 1994",1
1473,"End of loanMar 10, 1999",1
1474,"End of loanMar 10, 2003",3
1475,"End of loanMar 10, 2009",1
1476,"End of loanMar 10, 2010",1
1477,"End of loanMar 10, 2013",1
1478,"End of loanMar 10, 2014",4
1479,"End of loanMar 10, 2015",1
1480,"End of loanMar 11, 1997",1
1481,"End of loanMar 11, 1998",1
1482,"End of loanMar 11, 2002",2
1483,"End of loanMar 11, 2013",2
1484,"End of loanMar 11, 2014",3
1485,"End of loanMar 11, 2020",1
1486,"End of loanMar 12, 2000",1
1487,"End of loanMar 12, 2001",1
1488,"End of loanMar 12, 2008",2
1489,"End of loanMar 12, 2013",1
1490,"End of loanMar 12, 2015",1
1491,"End of loanMar 12, 2020",1
1492,"End of loanMar 13, 2012",1
1493,"End of loanMar 13, 2013",1
1494,"End of loanMar 13, 2014",4
1495,"End of loanMar 13, 2015",1
1496,"End of loanMar 13, 2019",1
1497,"End of loanMar 14, 1996",2
1498,"End of loanMar 14, 2000",2
1499,"End of loanMar 14, 2004",2
1500,"End of loanMar 14, 2010",5
1501,"End of loanMar 14, 2013",3
1502,"End of loanMar 14, 2014",1
1503,"End of loanMar 14, 2015",2
1504,"End of loanMar 14, 2017",1
1505,"End of loanMar 15, 2000",2
1506,"End of loanMar 15, 2001",1
1507,"End of loanMar 15, 2011",1
1508,"End of loanMar 15, 2015",3
1509,"End of loanMar 16, 1995",1
1510,"End of loanMar 16, 1997",1
1511,"End of loanMar 16, 2000",1
1512,"End of loanMar 16, 2005",2
1513,"End of loanMar 16, 2007",1
1514,"End of loanMar 16, 2010",2
1515,"End of loanMar 16, 2011",2
1516,"End of loanMar 16, 2012",1
1517,"End of loanMar 16, 2013",3
1518,"End of loanMar 16, 2014",4
1519,"End of loanMar 17, 2000",1
1520,"End of loanMar 17, 2002",2
1521,"End of loanMar 17, 2003",4
1522,"End of loanMar 17, 2013",2
1523,"End of loanMar 17, 2014",3
1524,"End of loanMar 17, 2020",1
1525,"End of loanMar 18, 2007",2
1526,"End of loanMar 18, 2010",1
1527,"End of loanMar 18, 2012",1
1528,"End of loanMar 18, 2013",3
1529,"End of loanMar 18, 2016",1
1530,"End of loanMar 18, 2017",1
1531,"End of loanMar 19, 1994",1
1532,"End of loanMar 19, 2003",3
1533,"End of loanMar 19, 2014",3
1534,"End of loanMar 19, 2015",3
1535,"End of loanMar 2, 1996",1
1536,"End of loanMar 2, 2007",2
1537,"End of loanMar 2, 2008",2
1538,"End of loanMar 2, 2009",1
1539,"End of loanMar 2, 2010",3
1540,"End of loanMar 2, 2012",3
1541,"End of loanMar 2, 2013",2
1542,"End of loanMar 2, 2014",2
1543,"End of loanMar 2, 2015",6
1544,"End of loanMar 2, 2017",1
1545,"End of loanMar 20, 2006",4
1546,"End of loanMar 20, 2010",1
1547,"End of loanMar 20, 2011",1
1548,"End of loanMar 20, 2013",1
1549,"End of loanMar 20, 2015",1
1550,"End of loanMar 21, 1996",2
1551,"End of loanMar 21, 1998",2
1552,"End of loanMar 21, 2003",1
1553,"End of loanMar 21, 2004",6
1554,"End of loanMar 21, 2013",2
1555,"End of loanMar 21, 2014",2
1556,"End of loanMar 21, 2015",1
1557,"End of loanMar 21, 2016",1
1558,"End of loanMar 21, 2018",1
1559,"End of loanMar 22, 1994",1
1560,"End of loanMar 22, 1995",1
1561,"End of loanMar 22, 1997",1
1562,"End of loanMar 22, 2005",2
1563,"End of loanMar 22, 2007",2
1564,"End of loanMar 22, 2011",1
1565,"End of loanMar 22, 2012",1
1566,"End of loanMar 22, 2013",1
1567,"End of loanMar 22, 2014",1
1568,"End of loanMar 22, 2020",2
1569,"End of loanMar 23, 1994",1
1570,"End of loanMar 23, 1999",1
1571,"End of loanMar 23, 2000",2
1572,"End of loanMar 23, 2003",1
1573,"End of loanMar 23, 2005",3
1574,"End of loanMar 23, 2007",1
1575,"End of loanMar 23, 2011",2
1576,"End of loanMar 23, 2013",1
1577,"End of loanMar 23, 2014",2
1578,"End of loanMar 23, 2015",2
1579,"End of loanMar 23, 2021",1
1580,"End of loanMar 24, 1999",1
1581,"End of loanMar 24, 2011",1
1582,"End of loanMar 24, 2014",3
1583,"End of loanMar 24, 2015",1
1584,"End of loanMar 24, 2019",1
1585,"End of loanMar 25, 1994",1
1586,"End of loanMar 25, 1996",1
1587,"End of loanMar 25, 2011",3
1588,"End of loanMar 25, 2012",1
1589,"End of loanMar 25, 2013",4
1590,"End of loanMar 25, 2015",2
1591,"End of loanMar 26, 1993",2
1592,"End of loanMar 26, 1997",1
1593,"End of loanMar 26, 1998",1
1594,"End of loanMar 26, 2000",1
1595,"End of loanMar 26, 2006",1
1596,"End of loanMar 26, 2008",4
1597,"End of loanMar 26, 2010",1
1598,"End of loanMar 26, 2012",2
1599,"End of loanMar 26, 2013",1
1600,"End of loanMar 26, 2015",2
1601,"End of loanMar 26, 2016",2
1602,"End of loanMar 27, 1995",1
1603,"End of loanMar 27, 1996",7
1604,"End of loanMar 27, 1999",1
1605,"End of loanMar 27, 2007",2
1606,"End of loanMar 27, 2009",1
1607,"End of loanMar 27, 2012",2
1608,"End of loanMar 27, 2014",7
1609,"End of loanMar 27, 2016",1
1610,"End of loanMar 27, 2019",2
1611,"End of loanMar 28, 1996",2
1612,"End of loanMar 28, 2005",1
1613,"End of loanMar 28, 2011",1
1614,"End of loanMar 28, 2012",6
1615,"End of loanMar 28, 2013",4
1616,"End of loanMar 28, 2015",2
1617,"End of loanMar 28, 2016",1
1618,"End of loanMar 28, 2017",1
1619,"End of loanMar 29, 1997",2
1620,"End of loanMar 29, 2007",1
1621,"End of loanMar 29, 2012",1
1622,"End of loanMar 29, 2014",1
1623,"End of loanMar 29, 2015",1
1624,"End of loanMar 29, 2019",1
1625,"End of loanMar 3, 1993",1
1626,"End of loanMar 3, 1998",1
1627,"End of loanMar 3, 1999",1
1628,"End of loanMar 3, 2014",1
1629,"End of loanMar 3, 2015",1
1630,"End of loanMar 30, 1999",2
1631,"End of loanMar 30, 2008",1
1632,"End of loanMar 30, 2012",1
1633,"End of loanMar 30, 2016",2
1634,"End of loanMar 31, 1993",1
1635,"End of loanMar 31, 1995",3
1636,"End of loanMar 31, 1996",3
1637,"End of loanMar 31, 1997",2
1638,"End of loanMar 31, 1998",1
1639,"End of loanMar 31, 1999",1
1640,"End of loanMar 31, 2002",1
1641,"End of loanMar 31, 2005",1
1642,"End of loanMar 31, 2006",1
1643,"End of loanMar 31, 2007",2
1644,"End of loanMar 31, 2008",1
1645,"End of loanMar 31, 2012",1
1646,"End of loanMar 31, 2013",3
1647,"End of loanMar 31, 2015",1
1648,"End of loanMar 31, 2018",1
1649,"End of loanMar 4, 2009",1
1650,"End of loanMar 4, 2013",7
1651,"End of loanMar 4, 2015",1
1652,"End of loanMar 4, 2017",1
1653,"End of loanMar 5, 1993",1
1654,"End of loanMar 5, 1997",1
1655,"End of loanMar 5, 1998",1
1656,"End of loanMar 5, 1999",2
1657,"End of loanMar 5, 2000",2
1658,"End of loanMar 5, 2001",1
1659,"End of loanMar 5, 2002",1
1660,"End of loanMar 5, 2003",2
1661,"End of loanMar 5, 2006",1
1662,"End of loanMar 5, 2011",1
1663,"End of loanMar 5, 2013",2
1664,"End of loanMar 5, 2015",1
1665,"End of loanMar 5, 2016",1
1666,"End of loanMar 5, 2019",1
1667,"End of loanMar 5, 2020",2
1668,"End of loanMar 6, 2004",2
1669,"End of loanMar 6, 2009",2
1670,"End of loanMar 6, 2012",1
1671,"End of loanMar 6, 2015",1
1672,"End of loanMar 6, 2018",1
1673,"End of loanMar 7, 2004",2
1674,"End of loanMar 7, 2005",1
1675,"End of loanMar 7, 2010",2
1676,"End of loanMar 7, 2012",2
1677,"End of loanMar 7, 2013",2
1678,"End of loanMar 7, 2014",1
1679,"End of loanMar 7, 2015",1
1680,"End of loanMar 7, 2017",1
1681,"End of loanMar 8, 1997",3
1682,"End of loanMar 8, 1998",2
1683,"End of loanMar 8, 2010",3
1684,"End of loanMar 8, 2013",2
1685,"End of loanMar 8, 2014",1
1686,"End of loanMar 8, 2015",1
1687,"End of loanMar 8, 2016",1
1688,"End of loanMar 8, 2019",1
1689,"End of loanMar 9, 2000",1
1690,"End of loanMar 9, 2001",1
1691,"End of loanMar 9, 2005",1
1692,"End of loanMar 9, 2011",1
1693,"End of loanMar 9, 2012",2
1694,"End of loanMar 9, 2013",1
1695,"End of loanMar 9, 2015",2
1696,"End of loanMar 9, 2020",3
1697,"End of loanMay 1, 1993",14
1698,"End of loanMay 1, 1994",9
1699,"End of loanMay 1, 1995",11
1700,"End of loanMay 1, 1996",10
1701,"End of loanMay 1, 1997",3
1702,"End of loanMay 1, 1998",22
1703,"End of loanMay 1, 1999",38
1704,"End of loanMay 1, 2000",53
1705,"End of loanMay 1, 2001",51
1706,"End of loanMay 1, 2002",46
1707,"End of loanMay 1, 2003",71
1708,"End of loanMay 1, 2004",87
1709,"End of loanMay 1, 2005",107
1710,"End of loanMay 1, 2006",158
1711,"End of loanMay 1, 2007",120
1712,"End of loanMay 1, 2008",193
1713,"End of loanMay 1, 2009",167
1714,"End of loanMay 1, 2010",163
1715,"End of loanMay 1, 2011",144
1716,"End of loanMay 1, 2012",92
1717,"End of loanMay 1, 2013",6
1718,"End of loanMay 1, 2014",1
1719,"End of loanMay 1, 2015",3
1720,"End of loanMay 1, 2017",2
1721,"End of loanMay 10, 1999",3
1722,"End of loanMay 10, 2004",9
1723,"End of loanMay 10, 2009",1
1724,"End of loanMay 10, 2010",2
1725,"End of loanMay 10, 2011",2
1726,"End of loanMay 10, 2014",6
1727,"End of loanMay 10, 2015",1
1728,"End of loanMay 10, 2017",1
1729,"End of loanMay 10, 2019",1
1730,"End of loanMay 11, 2005",3
1731,"End of loanMay 11, 2010",1
1732,"End of loanMay 11, 2014",2
1733,"End of loanMay 11, 2015",2
1734,"End of loanMay 11, 2016",1
1735,"End of loanMay 12, 2004",1
1736,"End of loanMay 12, 2008",2
1737,"End of loanMay 13, 2004",2
1738,"End of loanMay 13, 2006",1
1739,"End of loanMay 13, 2009",5
1740,"End of loanMay 13, 2012",3
1741,"End of loanMay 13, 2013",6
1742,"End of loanMay 14, 2003",3
1743,"End of loanMay 14, 2007",6
1744,"End of loanMay 14, 2008",2
1745,"End of loanMay 14, 2012",12
1746,"End of loanMay 14, 2013",4
1747,"End of loanMay 14, 2017",1
1748,"End of loanMay 14, 2018",12
1749,"End of loanMay 15, 2003",1
1750,"End of loanMay 15, 2010",1
1751,"End of loanMay 15, 2012",4
1752,"End of loanMay 15, 2013",3
1753,"End of loanMay 16, 2000",1
1754,"End of loanMay 16, 2004",2
1755,"End of loanMay 16, 2005",8
1756,"End of loanMay 16, 2013",8
1757,"End of loanMay 16, 2014",2
1758,"End of loanMay 16, 2015",1
1759,"End of loanMay 16, 2016",5
1760,"End of loanMay 17, 2001",2
1761,"End of loanMay 17, 2012",5
1762,"End of loanMay 17, 2016",1
1763,"End of loanMay 17, 2018",1
1764,"End of loanMay 18, 2001",2
1765,"End of loanMay 18, 2008",2
1766,"End of loanMay 18, 2015",1
1767,"End of loanMay 19, 2005",2
1768,"End of loanMay 19, 2007",2
1769,"End of loanMay 19, 2008",3
1770,"End of loanMay 19, 2010",1
1771,"End of loanMay 19, 2012",1
1772,"End of loanMay 19, 2019",1
1773,"End of loanMay 2, 1999",2
1774,"End of loanMay 2, 2002",2
1775,"End of loanMay 2, 2004",1
1776,"End of loanMay 2, 2012",1
1777,"End of loanMay 2, 2015",7
1778,"End of loanMay 2, 2016",4
1779,"End of loanMay 2, 2021",1
1780,"End of loanMay 20, 2004",4
1781,"End of loanMay 20, 2011",2
1782,"End of loanMay 20, 2012",16
1783,"End of loanMay 20, 2013",4
1784,"End of loanMay 20, 2019",12
1785,"End of loanMay 21, 2001",1
1786,"End of loanMay 21, 2011",1
1787,"End of loanMay 21, 2015",3
1788,"End of loanMay 21, 2018",1
1789,"End of loanMay 22, 2005",1
1790,"End of loanMay 22, 2007",1
1791,"End of loanMay 22, 2013",1
1792,"End of loanMay 22, 2018",1
1793,"End of loanMay 23, 1999",1
1794,"End of loanMay 23, 2000",1
1795,"End of loanMay 23, 2006",1
1796,"End of loanMay 23, 2008",1
1797,"End of loanMay 23, 2011",9
1798,"End of loanMay 24, 2005",2
1799,"End of loanMay 24, 2013",1
1800,"End of loanMay 24, 2015",1
1801,"End of loanMay 24, 2018",1
1802,"End of loanMay 25, 2003",3
1803,"End of loanMay 25, 2004",1
1804,"End of loanMay 25, 2009",10
1805,"End of loanMay 25, 2011",1
1806,"End of loanMay 25, 2015",4
1807,"End of loanMay 26, 2011",2
1808,"End of loanMay 27, 2000",2
1809,"End of loanMay 27, 2008",1
1810,"End of loanMay 27, 2013",1
1811,"End of loanMay 27, 2014",1
1812,"End of loanMay 28, 2001",1
1813,"End of loanMay 28, 2013",1
1814,"End of loanMay 28, 2014",1
1815,"End of loanMay 29, 2001",1
1816,"End of loanMay 29, 2016",1
1817,"End of loanMay 29, 2020",1
1818,"End of loanMay 3, 1998",1
1819,"End of loanMay 3, 2002",3
1820,"End of loanMay 3, 2003",1
1821,"End of loanMay 3, 2004",1
1822,"End of loanMay 3, 2010",1
1823,"End of loanMay 3, 2012",1
1824,"End of loanMay 3, 2014",4
1825,"End of loanMay 3, 2015",4
1826,"End of loanMay 3, 2017",4
1827,"End of loanMay 30, 1996",2
1828,"End of loanMay 30, 1997",3
1829,"End of loanMay 30, 2005",1
1830,"End of loanMay 30, 2008",1
1831,"End of loanMay 30, 2010",5
1832,"End of loanMay 30, 2011",1
1833,"End of loanMay 30, 2012",4
1834,"End of loanMay 30, 2013",7
1835,"End of loanMay 30, 2014",6
1836,"End of loanMay 30, 2016",2
1837,"End of loanMay 31, 1992",2
1838,"End of loanMay 31, 1993",27
1839,"End of loanMay 31, 1994",41
1840,"End of loanMay 31, 1995",41
1841,"End of loanMay 31, 1996",39
1842,"End of loanMay 31, 1997",6
1843,"End of loanMay 31, 1998",17
1844,"End of loanMay 31, 1999",6
1845,"End of loanMay 31, 2000",4
1846,"End of loanMay 31, 2001",10
1847,"End of loanMay 31, 2002",6
1848,"End of loanMay 31, 2003",18
1849,"End of loanMay 31, 2004",18
1850,"End of loanMay 31, 2005",14
1851,"End of loanMay 31, 2006",19
1852,"End of loanMay 31, 2007",19
1853,"End of loanMay 31, 2008",57
1854,"End of loanMay 31, 2009",71
1855,"End of loanMay 31, 2010",86
1856,"End of loanMay 31, 2011",128
1857,"End of loanMay 31, 2012",80
1858,"End of loanMay 31, 2013",186
1859,"End of loanMay 31, 2014",281
1860,"End of loanMay 31, 2015",264
1861,"End of loanMay 31, 2016",244
1862,"End of loanMay 31, 2017",246
1863,"End of loanMay 31, 2018",261
1864,"End of loanMay 31, 2019",243
1865,"End of loanMay 31, 2020",105
1866,"End of loanMay 31, 2021",213
1867,"End of loanMay 31, 2022",153
1868,"End of loanMay 4, 1995",1
1869,"End of loanMay 4, 2003",15
1870,"End of loanMay 4, 2008",3
1871,"End of loanMay 4, 2009",2
1872,"End of loanMay 4, 2010",1
1873,"End of loanMay 4, 2013",5
1874,"End of loanMay 4, 2014",4
1875,"End of loanMay 4, 2015",11
1876,"End of loanMay 4, 2019",2
1877,"End of loanMay 4, 2020",9
1878,"End of loanMay 5, 1996",2
1879,"End of loanMay 5, 2003",2
1880,"End of loanMay 5, 2004",1
1881,"End of loanMay 5, 2008",11
1882,"End of loanMay 5, 2009",5
1883,"End of loanMay 5, 2012",2
1884,"End of loanMay 5, 2013",8
1885,"End of loanMay 5, 2014",3
1886,"End of loanMay 5, 2015",3
1887,"End of loanMay 5, 2016",1
1888,"End of loanMay 5, 2017",1
1889,"End of loanMay 5, 2019",4
1890,"End of loanMay 5, 2020",5
1891,"End of loanMay 6, 2001",3
1892,"End of loanMay 6, 2004",1
1893,"End of loanMay 6, 2007",9
1894,"End of loanMay 6, 2010",2
1895,"End of loanMay 6, 2012",8
1896,"End of loanMay 6, 2013",2
1897,"End of loanMay 6, 2014",1
1898,"End of loanMay 6, 2015",1
1899,"End of loanMay 7, 2001",7
1900,"End of loanMay 7, 2005",1
1901,"End of loanMay 7, 2006",8
1902,"End of loanMay 7, 2007",20
1903,"End of loanMay 7, 2008",1
1904,"End of loanMay 7, 2013",8
1905,"End of loanMay 7, 2014",4
1906,"End of loanMay 7, 2016",3
1907,"End of loanMay 7, 2017",1
1908,"End of loanMay 8, 2000",19
1909,"End of loanMay 8, 2001",5
1910,"End of loanMay 8, 2005",7
1911,"End of loanMay 8, 2006",9
1912,"End of loanMay 8, 2007",1
1913,"End of loanMay 8, 2008",2
1914,"End of loanMay 8, 2009",2
1915,"End of loanMay 8, 2011",11
1916,"End of loanMay 8, 2012",3
1917,"End of loanMay 8, 2013",3
1918,"End of loanMay 8, 2014",1
1919,"End of loanMay 8, 2015",1
1920,"End of loanMay 8, 2016",3
1921,"End of loanMay 8, 2017",2
1922,"End of loanMay 9, 1999",3
1923,"End of loanMay 9, 2004",13
1924,"End of loanMay 9, 2005",12
1925,"End of loanMay 9, 2010",1
1926,"End of loanMay 9, 2011",6
1927,"End of loanMay 9, 2012",1
1928,"End of loanMay 9, 2013",2
1929,"End of loanMay 9, 2014",4
1930,"End of loanMay 9, 2016",2
1931,"End of loanMay 9, 2017",1
1932,"End of loanNov 1, 1992",4
1933,"End of loanNov 1, 1993",3
1934,"End of loanNov 1, 1994",3
1935,"End of loanNov 1, 1995",5
1936,"End of loanNov 1, 1996",12
1937,"End of loanNov 1, 1997",9
1938,"End of loanNov 1, 1998",6
1939,"End of loanNov 1, 1999",10
1940,"End of loanNov 1, 2000",15
1941,"End of loanNov 1, 2001",7
1942,"End of loanNov 1, 2002",17
1943,"End of loanNov 1, 2003",20
1944,"End of loanNov 1, 2004",21
1945,"End of loanNov 1, 2005",28
1946,"End of loanNov 1, 2006",30
1947,"End of loanNov 1, 2007",22
1948,"End of loanNov 1, 2008",26
1949,"End of loanNov 1, 2009",25
1950,"End of loanNov 1, 2010",11
1951,"End of loanNov 1, 2011",20
1952,"End of loanNov 1, 2012",2
1953,"End of loanNov 1, 2013",1
1954,"End of loanNov 1, 2017",2
1955,"End of loanNov 10, 1996",1
1956,"End of loanNov 10, 2004",1
1957,"End of loanNov 10, 2007",1
1958,"End of loanNov 10, 2012",1
1959,"End of loanNov 10, 2014",1
1960,"End of loanNov 11, 2002",2
1961,"End of loanNov 11, 2007",3
1962,"End of loanNov 11, 2009",2
1963,"End of loanNov 11, 2010",1
1964,"End of loanNov 11, 2012",3
1965,"End of loanNov 11, 2013",2
1966,"End of loanNov 11, 2014",2
1967,"End of loanNov 12, 1996",4
1968,"End of loanNov 12, 2000",4
1969,"End of loanNov 12, 2002",2
1970,"End of loanNov 12, 2006",2
1971,"End of loanNov 12, 2007",2
1972,"End of loanNov 12, 2008",1
1973,"End of loanNov 12, 2012",7
1974,"End of loanNov 12, 2017",2
1975,"End of loanNov 13, 2000",3
1976,"End of loanNov 13, 2006",1
1977,"End of loanNov 13, 2011",1
1978,"End of loanNov 13, 2014",4
1979,"End of loanNov 14, 2004",1
1980,"End of loanNov 14, 2010",5
1981,"End of loanNov 14, 2011",1
1982,"End of loanNov 14, 2012",1
1983,"End of loanNov 14, 2014",1
1984,"End of loanNov 14, 2015",2
1985,"End of loanNov 15, 2006",2
1986,"End of loanNov 15, 2010",2
1987,"End of loanNov 15, 2011",2
1988,"End of loanNov 15, 2015",1
1989,"End of loanNov 15, 2017",1
1990,"End of loanNov 16, 2008",1
1991,"End of loanNov 16, 2009",1
1992,"End of loanNov 16, 2010",1
1993,"End of loanNov 16, 2011",1
1994,"End of loanNov 16, 2014",1
1995,"End of loanNov 16, 2015",1
1996,"End of loanNov 16, 2017",1
1997,"End of loanNov 16, 2018",2
1998,"End of loanNov 17, 1996",2
1999,"End of loanNov 17, 2006",3
2000,"End of loanNov 17, 2009",2
2001,"End of loanNov 17, 2012",1
2002,"End of loanNov 17, 2013",2
2003,"End of loanNov 17, 2014",4
2004,"End of loanNov 17, 2015",3
2005,"End of loanNov 18, 1992",1
2006,"End of loanNov 18, 2003",1
2007,"End of loanNov 18, 2012",1
2008,"End of loanNov 18, 2014",1
2009,"End of loanNov 19, 1998",1
2010,"End of loanNov 19, 2004",1
2011,"End of loanNov 19, 2005",4
2012,"End of loanNov 19, 2012",4
2013,"End of loanNov 19, 2013",1
2014,"End of loanNov 19, 2020",1
2015,"End of loanNov 2, 2003",2
2016,"End of loanNov 2, 2008",2
2017,"End of loanNov 2, 2013",1
2018,"End of loanNov 2, 2014",1
2019,"End of loanNov 2, 2015",1
2020,"End of loanNov 20, 1999",1
2021,"End of loanNov 20, 2000",1
2022,"End of loanNov 20, 2002",1
2023,"End of loanNov 20, 2003",4
2024,"End of loanNov 20, 2006",4
2025,"End of loanNov 20, 2008",2
2026,"End of loanNov 20, 2012",2
2027,"End of loanNov 20, 2014",2
2028,"End of loanNov 21, 2004",1
2029,"End of loanNov 21, 2008",2
2030,"End of loanNov 21, 2011",3
2031,"End of loanNov 21, 2012",7
2032,"End of loanNov 21, 2014",3
2033,"End of loanNov 21, 2015",1
2034,"End of loanNov 22, 2004",1
2035,"End of loanNov 22, 2009",2
2036,"End of loanNov 22, 2012",3
2037,"End of loanNov 22, 2013",2
2038,"End of loanNov 22, 2014",2
2039,"End of loanNov 22, 2016",3
2040,"End of loanNov 22, 2018",2
2041,"End of loanNov 23, 1992",2
2042,"End of loanNov 23, 1999",1
2043,"End of loanNov 23, 2003",2
2044,"End of loanNov 23, 2005",2
2045,"End of loanNov 23, 2009",3
2046,"End of loanNov 23, 2013",1
2047,"End of loanNov 23, 2014",3
2048,"End of loanNov 23, 2015",1
2049,"End of loanNov 23, 2018",2
2050,"End of loanNov 24, 1995",2
2051,"End of loanNov 24, 1999",1
2052,"End of loanNov 24, 2004",3
2053,"End of loanNov 24, 2010",2
2054,"End of loanNov 24, 2011",4
2055,"End of loanNov 24, 2013",1
2056,"End of loanNov 24, 2014",4
2057,"End of loanNov 24, 2015",1
2058,"End of loanNov 24, 2017",1
2059,"End of loanNov 25, 1998",1
2060,"End of loanNov 25, 2003",1
2061,"End of loanNov 25, 2009",2
2062,"End of loanNov 25, 2010",1
2063,"End of loanNov 25, 2011",1
2064,"End of loanNov 25, 2012",2
2065,"End of loanNov 25, 2013",2
2066,"End of loanNov 25, 2014",8
2067,"End of loanNov 25, 2016",1
2068,"End of loanNov 25, 2017",1
2069,"End of loanNov 25, 2019",1
2070,"End of loanNov 26, 2003",3
2071,"End of loanNov 26, 2012",3
2072,"End of loanNov 26, 2013",1
2073,"End of loanNov 26, 2015",3
2074,"End of loanNov 26, 2018",1
2075,"End of loanNov 27, 1997",1
2076,"End of loanNov 27, 2005",1
2077,"End of loanNov 27, 2013",3
2078,"End of loanNov 27, 2015",2
2079,"End of loanNov 27, 2016",1
2080,"End of loanNov 27, 2017",1
2081,"End of loanNov 28, 1996",1
2082,"End of loanNov 28, 1998",3
2083,"End of loanNov 28, 2004",2
2084,"End of loanNov 28, 2011",1
2085,"End of loanNov 28, 2012",3
2086,"End of loanNov 28, 2013",2
2087,"End of loanNov 28, 2014",3
2088,"End of loanNov 28, 2015",1
2089,"End of loanNov 28, 2020",1
2090,"End of loanNov 29, 1999",1
2091,"End of loanNov 29, 2001",3
2092,"End of loanNov 29, 2009",2
2093,"End of loanNov 29, 2011",2
2094,"End of loanNov 29, 2012",2
2095,"End of loanNov 29, 2013",3
2096,"End of loanNov 29, 2018",1
2097,"End of loanNov 3, 1999",1
2098,"End of loanNov 3, 2004",1
2099,"End of loanNov 3, 2006",1
2100,"End of loanNov 3, 2013",2
2101,"End of loanNov 3, 2014",4
2102,"End of loanNov 3, 2015",1
2103,"End of loanNov 30, 1995",3
2104,"End of loanNov 30, 2000",2
2105,"End of loanNov 30, 2001",1
2106,"End of loanNov 30, 2003",1
2107,"End of loanNov 30, 2006",2
2108,"End of loanNov 30, 2007",2
2109,"End of loanNov 30, 2008",3
2110,"End of loanNov 30, 2010",4
2111,"End of loanNov 30, 2011",2
2112,"End of loanNov 30, 2012",3
2113,"End of loanNov 30, 2015",1
2114,"End of loanNov 30, 2016",1
2115,"End of loanNov 30, 2017",2
2116,"End of loanNov 30, 2019",1
2117,"End of loanNov 30, 2020",4
2118,"End of loanNov 30, 2021",2
2119,"End of loanNov 4, 1997",1
2120,"End of loanNov 4, 1999",1
2121,"End of loanNov 4, 2013",2
2122,"End of loanNov 5, 1997",1
2123,"End of loanNov 5, 2000",1
2124,"End of loanNov 5, 2007",1
2125,"End of loanNov 5, 2010",2
2126,"End of loanNov 5, 2013",2
2127,"End of loanNov 5, 2014",1
2128,"End of loanNov 5, 2015",1
2129,"End of loanNov 6, 1992",2
2130,"End of loanNov 6, 2002",1
2131,"End of loanNov 6, 2003",1
2132,"End of loanNov 6, 2005",1
2133,"End of loanNov 6, 2006",1
2134,"End of loanNov 6, 2007",1
2135,"End of loanNov 6, 2008",1
2136,"End of loanNov 6, 2010",1
2137,"End of loanNov 6, 2011",2
2138,"End of loanNov 6, 2012",1
2139,"End of loanNov 6, 2013",1
2140,"End of loanNov 6, 2014",1
2141,"End of loanNov 6, 2016",1
2142,"End of loanNov 6, 2017",1
2143,"End of loanNov 6, 2019",1
2144,"End of loanNov 6, 2020",1
2145,"End of loanNov 7, 1999",4
2146,"End of loanNov 7, 2003",1
2147,"End of loanNov 7, 2004",1
2148,"End of loanNov 7, 2009",1
2149,"End of loanNov 7, 2011",1
2150,"End of loanNov 7, 2015",4
2151,"End of loanNov 7, 2019",1
2152,"End of loanNov 8, 2000",1
2153,"End of loanNov 8, 2002",3
2154,"End of loanNov 8, 2007",4
2155,"End of loanNov 8, 2008",1
2156,"End of loanNov 8, 2009",2
2157,"End of loanNov 8, 2011",1
2158,"End of loanNov 9, 1996",2
2159,"End of loanNov 9, 1998",1
2160,"End of loanNov 9, 2000",1
2161,"End of loanNov 9, 2001",1
2162,"End of loanNov 9, 2007",2
2163,"End of loanNov 9, 2009",1
2164,"End of loanNov 9, 2012",1
2165,"End of loanNov 9, 2013",1
2166,"End of loanNov 9, 2014",3
2167,"End of loanNov 9, 2015",1
2168,"End of loanNov 9, 2017",1
2169,"End of loanOct 1, 1992",1
2170,"End of loanOct 1, 1993",1
2171,"End of loanOct 1, 1994",7
2172,"End of loanOct 1, 1995",6
2173,"End of loanOct 1, 1996",12
2174,"End of loanOct 1, 1997",6
2175,"End of loanOct 1, 1998",7
2176,"End of loanOct 1, 1999",7
2177,"End of loanOct 1, 2000",12
2178,"End of loanOct 1, 2001",16
2179,"End of loanOct 1, 2002",13
2180,"End of loanOct 1, 2003",15
2181,"End of loanOct 1, 2004",44
2182,"End of loanOct 1, 2005",43
2183,"End of loanOct 1, 2006",26
2184,"End of loanOct 1, 2007",38
2185,"End of loanOct 1, 2008",36
2186,"End of loanOct 1, 2009",44
2187,"End of loanOct 1, 2010",21
2188,"End of loanOct 1, 2011",28
2189,"End of loanOct 1, 2012",2
2190,"End of loanOct 1, 2013",6
2191,"End of loanOct 1, 2014",2
2192,"End of loanOct 1, 2015",8
2193,"End of loanOct 1, 2018",2
2194,"End of loanOct 10, 1994",2
2195,"End of loanOct 10, 2003",1
2196,"End of loanOct 10, 2004",2
2197,"End of loanOct 10, 2006",2
2198,"End of loanOct 10, 2011",4
2199,"End of loanOct 10, 2012",2
2200,"End of loanOct 10, 2013",4
2201,"End of loanOct 10, 2014",2
2202,"End of loanOct 11, 2007",2
2203,"End of loanOct 11, 2008",2
2204,"End of loanOct 11, 2009",2
2205,"End of loanOct 11, 2015",6
2206,"End of loanOct 11, 2020",2
2207,"End of loanOct 12, 1998",1
2208,"End of loanOct 12, 1999",2
2209,"End of loanOct 12, 2000",2
2210,"End of loanOct 12, 2008",2
2211,"End of loanOct 12, 2009",4
2212,"End of loanOct 12, 2011",4
2213,"End of loanOct 12, 2014",2
2214,"End of loanOct 13, 2007",2
2215,"End of loanOct 13, 2011",2
2216,"End of loanOct 13, 2012",4
2217,"End of loanOct 14, 2007",2
2218,"End of loanOct 14, 2013",2
2219,"End of loanOct 14, 2014",2
2220,"End of loanOct 15, 1992",3
2221,"End of loanOct 15, 1996",3
2222,"End of loanOct 15, 1999",3
2223,"End of loanOct 15, 2000",3
2224,"End of loanOct 15, 2010",6
2225,"End of loanOct 15, 2011",2
2226,"End of loanOct 15, 2014",2
2227,"End of loanOct 15, 2015",2
2228,"End of loanOct 15, 2018",2
2229,"End of loanOct 16, 2005",4
2230,"End of loanOct 16, 2011",4
2231,"End of loanOct 16, 2012",4
2232,"End of loanOct 16, 2016",2
2233,"End of loanOct 16, 2017",2
2234,"End of loanOct 16, 2018",2
2235,"End of loanOct 17, 2001",5
2236,"End of loanOct 17, 2010",2
2237,"End of loanOct 17, 2012",2
2238,"End of loanOct 17, 2016",2
2239,"End of loanOct 17, 2020",1
2240,"End of loanOct 18, 1996",3
2241,"End of loanOct 18, 2004",4
2242,"End of loanOct 18, 2009",4
2243,"End of loanOct 18, 2011",2
2244,"End of loanOct 18, 2013",2
2245,"End of loanOct 18, 2015",2
2246,"End of loanOct 19, 1996",4
2247,"End of loanOct 19, 1998",2
2248,"End of loanOct 19, 2000",2
2249,"End of loanOct 19, 2001",2
2250,"End of loanOct 19, 2003",1
2251,"End of loanOct 19, 2011",2
2252,"End of loanOct 19, 2013",4
2253,"End of loanOct 19, 2014",4
2254,"End of loanOct 19, 2015",4
2255,"End of loanOct 19, 2018",2
2256,"End of loanOct 19, 2020",1
2257,"End of loanOct 2, 1997",2
2258,"End of loanOct 2, 2003",3
2259,"End of loanOct 2, 2011",4
2260,"End of loanOct 2, 2013",6
2261,"End of loanOct 2, 2014",2
2262,"End of loanOct 2, 2020",2
2263,"End of loanOct 20, 2004",2
2264,"End of loanOct 20, 2011",10
2265,"End of loanOct 20, 2013",2
2266,"End of loanOct 20, 2018",4
2267,"End of loanOct 21, 2001",2
2268,"End of loanOct 21, 2007",2
2269,"End of loanOct 21, 2008",2
2270,"End of loanOct 21, 2011",2
2271,"End of loanOct 21, 2012",2
2272,"End of loanOct 21, 2014",2
2273,"End of loanOct 21, 2015",2
2274,"End of loanOct 21, 2017",2
2275,"End of loanOct 22, 1997",2
2276,"End of loanOct 22, 1999",4
2277,"End of loanOct 22, 2000",2
2278,"End of loanOct 22, 2005",4
2279,"End of loanOct 22, 2006",4
2280,"End of loanOct 22, 2008",4
2281,"End of loanOct 22, 2009",2
2282,"End of loanOct 22, 2013",4
2283,"End of loanOct 22, 2014",2
2284,"End of loanOct 22, 2015",2
2285,"End of loanOct 22, 2017",2
2286,"End of loanOct 23, 1995",2
2287,"End of loanOct 23, 2006",4
2288,"End of loanOct 23, 2014",2
2289,"End of loanOct 23, 2015",2
2290,"End of loanOct 23, 2020",1
2291,"End of loanOct 24, 2001",2
2292,"End of loanOct 24, 2010",6
2293,"End of loanOct 24, 2011",4
2294,"End of loanOct 24, 2013",6
2295,"End of loanOct 24, 2015",4
2296,"End of loanOct 25, 1993",3
2297,"End of loanOct 25, 2003",3
2298,"End of loanOct 25, 2010",2
2299,"End of loanOct 25, 2011",2
2300,"End of loanOct 25, 2012",4
2301,"End of loanOct 25, 2013",2
2302,"End of loanOct 25, 2015",2
2303,"End of loanOct 26, 1996",4
2304,"End of loanOct 26, 1999",3
2305,"End of loanOct 26, 2003",2
2306,"End of loanOct 26, 2006",4
2307,"End of loanOct 26, 2008",2
2308,"End of loanOct 26, 2010",4
2309,"End of loanOct 26, 2012",2
2310,"End of loanOct 26, 2013",2
2311,"End of loanOct 26, 2014",2
2312,"End of loanOct 27, 2003",2
2313,"End of loanOct 27, 2005",2
2314,"End of loanOct 27, 2010",4
2315,"End of loanOct 27, 2012",2
2316,"End of loanOct 27, 2014",2
2317,"End of loanOct 27, 2015",2
2318,"End of loanOct 28, 1993",2
2319,"End of loanOct 28, 1996",3
2320,"End of loanOct 28, 2007",4
2321,"End of loanOct 28, 2009",4
2322,"End of loanOct 28, 2011",2
2323,"End of loanOct 28, 2012",8
2324,"End of loanOct 28, 2013",4
2325,"End of loanOct 28, 2015",2
2326,"End of loanOct 29, 2003",3
2327,"End of loanOct 29, 2007",2
2328,"End of loanOct 29, 2009",2
2329,"End of loanOct 29, 2011",2
2330,"End of loanOct 29, 2012",4
2331,"End of loanOct 29, 2014",6
2332,"End of loanOct 29, 2015",2
2333,"End of loanOct 29, 2020",1
2334,"End of loanOct 3, 1997",3
2335,"End of loanOct 3, 2004",6
2336,"End of loanOct 3, 2015",2
2337,"End of loanOct 30, 2002",2
2338,"End of loanOct 30, 2007",2
2339,"End of loanOct 30, 2011",2
2340,"End of loanOct 30, 2012",2
2341,"End of loanOct 30, 2014",6
2342,"End of loanOct 31, 1997",1
2343,"End of loanOct 31, 2008",2
2344,"End of loanOct 31, 2010",2
2345,"End of loanOct 31, 2011",6
2346,"End of loanOct 31, 2012",2
2347,"End of loanOct 31, 2014",4
2348,"End of loanOct 31, 2015",4
2349,"End of loanOct 31, 2016",2
2350,"End of loanOct 31, 2019",2
2351,"End of loanOct 4, 1995",2
2352,"End of loanOct 4, 1997",1
2353,"End of loanOct 4, 2003",1
2354,"End of loanOct 4, 2012",2
2355,"End of loanOct 4, 2020",3
2356,"End of loanOct 5, 1999",3
2357,"End of loanOct 5, 2003",2
2358,"End of loanOct 5, 2007",4
2359,"End of loanOct 5, 2019",2
2360,"End of loanOct 5, 2020",3
2361,"End of loanOct 6, 1997",2
2362,"End of loanOct 6, 1999",1
2363,"End of loanOct 6, 2013",4
2364,"End of loanOct 6, 2020",2
2365,"End of loanOct 7, 2003",3
2366,"End of loanOct 7, 2013",4
2367,"End of loanOct 7, 2014",2
2368,"End of loanOct 7, 2015",2
2369,"End of loanOct 7, 2017",2
2370,"End of loanOct 8, 1995",1
2371,"End of loanOct 8, 2012",2
2372,"End of loanOct 8, 2013",2
2373,"End of loanOct 8, 2014",2
2374,"End of loanOct 8, 2020",2
2375,"End of loanOct 9, 1994",2
2376,"End of loanOct 9, 1998",1
2377,"End of loanOct 9, 2005",4
2378,"End of loanOct 9, 2014",4
2379,"End of loanOct 9, 2015",2
2380,"End of loanOct 9, 2020",1
2381,"End of loanSep 1, 1993",6
2382,"End of loanSep 1, 1994",4
2383,"End of loanSep 1, 1996",6
2384,"End of loanSep 1, 1997",4
2385,"End of loanSep 1, 1998",6
2386,"End of loanSep 1, 1999",11
2387,"End of loanSep 1, 2000",10
2388,"End of loanSep 1, 2001",7
2389,"End of loanSep 1, 2002",1
2390,"End of loanSep 1, 2003",15
2391,"End of loanSep 1, 2004",8
2392,"End of loanSep 1, 2005",8
2393,"End of loanSep 1, 2006",11
2394,"End of loanSep 1, 2007",7
2395,"End of loanSep 1, 2008",7
2396,"End of loanSep 1, 2009",8
2397,"End of loanSep 1, 2010",9
2398,"End of loanSep 1, 2011",15
2399,"End of loanSep 1, 2012",2
2400,"End of loanSep 1, 2013",1
2401,"End of loanSep 1, 2015",3
2402,"End of loanSep 1, 2017",1
2403,"End of loanSep 10, 1997",1
2404,"End of loanSep 10, 2002",1
2405,"End of loanSep 10, 2007",1
2406,"End of loanSep 10, 2011",2
2407,"End of loanSep 10, 2015",1
2408,"End of loanSep 11, 2000",1
2409,"End of loanSep 11, 2013",1
2410,"End of loanSep 11, 2017",2
2411,"End of loanSep 11, 2020",1
2412,"End of loanSep 12, 2004",2
2413,"End of loanSep 12, 2010",1
2414,"End of loanSep 12, 2016",1
2415,"End of loanSep 13, 1993",3
2416,"End of loanSep 13, 2012",1
2417,"End of loanSep 14, 1998",1
2418,"End of loanSep 14, 2008",1
2419,"End of loanSep 14, 2011",1
2420,"End of loanSep 14, 2014",1
2421,"End of loanSep 14, 2015",1
2422,"End of loanSep 15, 2008",1
2423,"End of loanSep 15, 2016",1
2424,"End of loanSep 16, 1997",1
2425,"End of loanSep 16, 2007",1
2426,"End of loanSep 16, 2012",1
2427,"End of loanSep 16, 2013",1
2428,"End of loanSep 17, 2013",1
2429,"End of loanSep 18, 2003",1
2430,"End of loanSep 18, 2009",3
2431,"End of loanSep 18, 2013",2
2432,"End of loanSep 18, 2014",1
2433,"End of loanSep 18, 2015",1
2434,"End of loanSep 18, 2021",1
2435,"End of loanSep 19, 1999",1
2436,"End of loanSep 19, 2011",1
2437,"End of loanSep 19, 2012",1
2438,"End of loanSep 19, 2013",1
2439,"End of loanSep 19, 2014",1
2440,"End of loanSep 19, 2017",2
2441,"End of loanSep 19, 2020",2
2442,"End of loanSep 2, 2010",1
2443,"End of loanSep 2, 2013",1
2444,"End of loanSep 2, 2019",1
2445,"End of loanSep 20, 2001",3
2446,"End of loanSep 20, 2009",1
2447,"End of loanSep 20, 2013",1
2448,"End of loanSep 21, 2009",2
2449,"End of loanSep 21, 2012",1
2450,"End of loanSep 21, 2015",3
2451,"End of loanSep 21, 2016",1
2452,"End of loanSep 21, 2020",1
2453,"End of loanSep 22, 1998",1
2454,"End of loanSep 22, 1999",3
2455,"End of loanSep 22, 2001",3
2456,"End of loanSep 22, 2009",1
2457,"End of loanSep 22, 2014",2
2458,"End of loanSep 22, 2016",1
2459,"End of loanSep 22, 2018",1
2460,"End of loanSep 23, 2002",1
2461,"End of loanSep 23, 2011",2
2462,"End of loanSep 23, 2014",1
2463,"End of loanSep 24, 2006",1
2464,"End of loanSep 24, 2012",1
2465,"End of loanSep 24, 2013",4
2466,"End of loanSep 25, 2011",1
2467,"End of loanSep 25, 2012",2
2468,"End of loanSep 26, 1997",2
2469,"End of loanSep 26, 2008",1
2470,"End of loanSep 26, 2011",1
2471,"End of loanSep 27, 2001",1
2472,"End of loanSep 27, 2014",1
2473,"End of loanSep 28, 1996",2
2474,"End of loanSep 28, 2009",1
2475,"End of loanSep 28, 2013",1
2476,"End of loanSep 28, 2014",1
2477,"End of loanSep 28, 2015",1
2478,"End of loanSep 29, 1997",5
2479,"End of loanSep 29, 2012",2
2480,"End of loanSep 29, 2013",1
2481,"End of loanSep 29, 2017",1
2482,"End of loanSep 30, 1993",1
2483,"End of loanSep 30, 1999",1
2484,"End of loanSep 30, 2001",1
2485,"End of loanSep 30, 2007",1
2486,"End of loanSep 30, 2009",1
2487,"End of loanSep 30, 2011",1
2488,"End of loanSep 30, 2012",1
2489,"End of loanSep 30, 2013",1
2490,"End of loanSep 30, 2015",2
2491,"End of loanSep 30, 2020",2
2492,"End of loanSep 4, 1995",2
2493,"End of loanSep 4, 2010",1
2494,"End of loanSep 4, 2013",1
2495,"End of loanSep 4, 2015",1
2496,"End of loanSep 4, 2018",1
2497,"End of loanSep 5, 2001",1
2498,"End of loanSep 5, 2004",2
2499,"End of loanSep 5, 2011",1
2500,"End of loanSep 5, 2012",1
2501,"End of loanSep 5, 2014",1
2502,"End of loanSep 6, 2009",2
2503,"End of loanSep 6, 2015",1
2504,"End of loanSep 7, 2003",3
2505,"End of loanSep 7, 2012",1
2506,"End of loanSep 7, 2014",1
2507,"End of loanSep 7, 2015",2
2508,"End of loanSep 8, 2008",1
2509,"End of loanSep 8, 2010",1
2510,"End of loanSep 8, 2014",2
2511,"End of loanSep 8, 2015",2
2512,"End of loanSep 9, 2013",1
2513,"End of loanSep 9, 2020",1
2514,loan transfer,2714
